head,type,tail,count
,child,bhuridyumna,1
,father,akampana.b,1
,father,angiras,1
,father,ashyutaayus,1
,father,danu,1
,father,dhritaraashtra,23
,father,dhritarashtra,1
,father,garuda,1
,father,jahnu,1
,father,jamadagni,1
,father,kavi,1
,father,kuru,1
,father,naaraayana,1
,father,nakula,2
,father,rishi,1
,father,rocamaana,1
,father,shalya,1
,father,shukra,1
,father,varuna,1
,mother,vishvaamitra,1
,sibling,dushyanta,1
,sibling,janamejaya paarikshita,1
,sibling,kalinga2,1
,sibling,shakuni,1
,spouse,bharadvaaja,1
,spouse,brihaspati,1
,spouse,daksha,1
,spouse,dasharatha,1
,spouse,dyumatsena,1
,spouse,fire bhaanu,1
,spouse,krishna,1
,spouse,mandapaala,1
,spouse,saavitri,1
,spouse,srinjaya,1
Bhutitirtha,spouse,Bhutitirthaa.u,1
Bhutitirthaa.u,spouse,Bhutitirtha,2
Brihadratha6,spouse,maandhaatri.b,1
Brihatsenaa,child,damayanti,1
Danaayus,spouse,kashyapa,1
Devaapi,father,pratipa,1
Devi,spouse,varuna,1
Dhritaraashtra,spouse,jayadratha,1
Druhyu1,mother,yayaati,1
Gangaa,spouse,shaantanu,1
Hastin1,father,dhritaraashtra,1
Hastin2,father,suhotra,1
Ilina,child,pravasu,1
Janamejaya5,father,elder parikshit,1
Keshini,spouse,ajamidha,1
Kumaari,spouse,dhananjaya,1
Kumuda6,spouse,skanda,1
Kundabheda,father,dhritaraashtra,1
Maadravati,spouse,parikshit,1
Manari,spouse,raavana,1
Pushkarini,spouse,bhumanyu,1
Rathantari,spouse,ilina,1
Renukaa,spouse,jamadagni,2
Sangraamajit2,sibling,karna,1
Satyavati,spouse,naarada,1
Shankha3,sibling,likhita,2
Shankhapada,father,manu svaarocisha,2
Shankhapada,mother,manu svaarocisha,1
Shankukarna,father,janamejaya,1
Shankukarna2,father,janamejaya,1
Shirshin,mother,vishvaamitra,1
Shyenajit,father,dala,1
Shyenajit1,father,dala,2
Somakirti,father,dhritaraashtra,1
Sucetas,father,gritsamada,1
Sucitra3,father,dhritaraashtra,1
Sudarsha2,father,dhritaraashtra,1
Sudarshana,father,dhritaraashtra,1
Sudarshana7,father,dhritaraashtra,1
Sudeshnaa,spouse,viraata,2
Sudharmaa,spouse,maatali,2
Sukkanyaa,spouse,maatarishvan,1
Sushena5,father,jamadagni,1
Vajradatta,father,bhagadatta,1
Vijaya5,father,dhritaraashtra,1
Vivimshati,father,dhritaraashtra,1
Yadu,father,yayaati,1
Yadu1,father,yayaati,2
aacaaryanandana,mother,kripi,1
aaditya,child,tapati,1
aadityaketu,father,dhritaraashtra,1
aahuka,child,sutanu,3
aaja6,father,jahnu,1
aanaadhrishti3,father,dhritaraashtra,1
aanaadhrishya,father,dhritaraashtra,1
aangi,child,mahaabhauma,1
aangi,spouse,ariha,2
aangirasa,child,sudhanvan,1
aangirasi,mother,angiras,1
aaraneya,father,vyaasa,1
aarjuni,spouse,draupadeya,1
aarushi,child,ricika,2
aarushi,spouse,cyavana,1
aaryaka,child,daughters,1
aaryaka,child,daughters son,1
aastika,father,jaratkaaru,2
aastika,father,jaratkaaru1,1
aastika,mother,jaratkaaru,2
aasuraayani,father,vishvaamitra,1
aasuraayani,mother,vishvaamitra,1
aayu,child,sushobhanaa,3
aayus,child,ayaati,1
aayus,child,yati,3
aayus,child,yayaati,2
aayus,father,urvashi,2
aayus,sibling,vanaayus,1
aayus,spouse,svarbhaanavi,4
abhibhu,father,kaashi king,1
abhibhu,sibling,kaashya,1
abhijit,sibling,rohini,1
abhimanyu,child,janamejaya,1
abhimanyu,child,parikshit,1
abhimanyu,father,arjuna,1
abhimanyu,father,magadha king,1
abhimanyu,father,vasudeva,1
abhimanyu,mother,subhadra,1
abhimanyu,sibling,aniruddha,1
abhimanyu,spouse,uttaraa,4
abhimanyu,spouse,viraata,1
acala,father,subala,3
acala,sibling,dhritaraashtra,1
acala,sibling,shakuni,3
acyutaayus,sibling,shrutaayus1,1
acyutaayus,sibling,shrutaayus3,2
adbhuta,child,kaarttikeya,1
adbhuta,father,fire father,1
adbhuta,father,saha2,1
adbhuta,spouse,priyaa,1
adharma,child,darpa,1
adharma,spouse,shri,2
adhiratha,child,karna,2
adhyaatma,child,shiva,2
aditi,spouse,kashyapa,2
aditi1,father,daksha,2
aditi1,spouse,kashyapa,1
adrikaa,spouse,vasu,1
agastya,father,vaidarbhi,2
agastya,spouse,lopaamudraa,2
agastya,spouse,vidarbha,2
agastya,spouse,wife,1
agastya1,father,mitra,1
agni,child,brahmaan,1
agni,child,nilas daughter,1
agni,father,daksha,1
agni,spouse,daksha,1
agni,spouse,sudarcanaa,2
ahar,child,muni1,2
aikshvaaki,child,ikshvaaku,1
aikshvaaki,father,ikshvaaku,1
aikshvaaki,spouse,ikshvaaku,1
aja,child,dasharatha,2
ajaatashatru,father,paandu,1
ajaatashatru,mother,kunti,1
ajamidha,child,dushyanta2,2
ajamidha,child,parameshthin5,2
ajamidha,child,rikesha1,1
ajamidha,child,riksha1,1
ajamidha,child,rupina,1
ajamidha,child,vrajana,2
ajamidha,father,suhotra,2
ajamidha,spouse,Keshini,1
ajamidha,spouse,dhumini,2
ajamidha,spouse,gaandhaari,2
ajamidha,spouse,kaikeyi,1
ajamidha,spouse,kaiye,1
ajamidha,spouse,keshini,4
ajamidha,spouse,nili,2
ajamidha,spouse,riya,2
ajamidha,spouse,vishaalaa,2
akampana,child,hari,2
akampana.b,child,hari4,1
akampana.b <subj>hari4,child,akampana.b,1
akshauhinis,sibling,arjuna,1
alolupa,father,dhritaraashtra,2
ambaa,sibling,ambaalikaa,6
ambaa,sibling,ambikaa,9
ambaalikaa,sibling,ambaa,6
ambaalikaa,sibling,ambikaa,3
ambaalikaa,sibling,kausalyaa,3
ambaalikaa,spouse,ambaa,1
ambikaa,sibling,ambaa,9
ambikaa,sibling,ambaalikaa,3
amritaa,spouse,anashvan,1
amshumat2,father,sagara,1
amurtarayas,child,gaya,1
amurtarayas,child,gaya1,1
anaadhrishtisuta,spouse,matinaara,1
ananga1,father,kardama,1
anantaa,spouse,janamejaya,1
anashvan,child,parikshit,2
anashvan,spouse,amritaa,1
anghrika,father,vishvaamitra,1
angira,child,havishmati,1
angira,child,mahishmati,1
angira,child,raagaa,1
angira,spouse,subhaa,1
angiras,child,Brihatkirti,1
angiras,child,aangirasi,1
angiras,child,brihatkirti,2
angiras,child,ghora2,1
angiras,child,gora2,1
angiras,child,havishmati,2
angiras,child,mahishmati,2
angiras,child,payasya,2
angiras,child,raagaa,1
angiras,child,shaanti3,2
angiras,child,virupa3,1
angiras,spouse,Shivaa,1
angiras,spouse,shivaa,2
angiras,spouse,subhaa,1
angiras <subj>virupa3,child,angiras,1
anikavidaarana,sibling,jayadratha,1
anila,spouse,shivaa,1
anila,spouse,vasu,1
aniruddha,sibling,abhimanyu,2
anjanaparvan,father,hidimbaa,2
anu,father,yayaati,4
anudara,father,dhritaraashtra,2
anuhlaada,father,hiranyakashipu,1
anukampaka,child,hari,2
anuvinda1,sibling,vinda1,2
anuvinda2,sibling,vinda2,2
anuvinda3,father,dhritaraashtra,1
apaantaratama,father,sarasvati,1
aparaajita3,father,dhritaraashtras,2
apsara,spouse,pramati,1
apsara,spouse,purura,1
apsaras,spouse,pramati,2
apsaras,spouse,purura,1
apsaras,spouse,pururavas,1
arani,sibling,mantha,1
ariha,child,mahaabhauma,3
ariha,child,rikeshi2,1
ariha,child,rishisha2,1
ariha,spouse,aangi,2
arishtaa,child,hamsa2,2
arjuna,child,abhimanyu,1
arjuna,child,iraavat,1
arjuna,father,aaruni,1
arjuna,father,aaruni2,1
arjuna,father,kauravya,1
arjuna,father,paandava,1
arjuna,mother,aaruni2,1
arjuna,sibling,akshauhinis,1
arjuna,sibling,bhima,1
arjuna,sibling,bhimasena,2
arjuna,sibling,karna,2
arjuna,sibling,krishna,3
arjuna,sibling,sahadeva,2
arjuna,sibling,satyajit,1
arjuna,spouse,draupadeya,1
arjuna,spouse,draupadi,4
arjuna,spouse,draupadi.,1
arjuna,spouse,kauravya,1
arjuna,spouse,uttaraa,1
aruna,father,kashyapa,5
aruna,mother,vinataa,4
aruna,sibling,garuda,2
arundhati,spouse,vasishtha,1
arvaavasu,father,raibhya,4
arvaavasu,sibling,paraavasu,3
arvaavasu,sibling,paraavasu bharadvaaja,2
asa manjas,father,shaibyaa,1
asa manjas,mother,shaibyaa,1
ashmaka,child,vasishtha,1
ashtaavakra,father,Kahoda,1
ashtaavakra,father,brahman,1
ashtaavakra,father,kahoda,2
ashtaavakra,father,kaoda,2
ashtaavakra,father,shvetaketu,1
ashtaka,sibling,vaishvaamitri,1
ashva,sibling,ashvashanku,2
ashva,sibling,ashvashiras1,1
ashva,sibling,ayashanku,1
ashva,sibling,rocamaana,1
ashva1,sibling,ashvapati1,1
ashvagriva1,sibling,rocamaana,1
ashvapati,child,satyavat,1
ashvapati,spouse,maalavi,1
ashvapati1,sibling,ashva1,1
ashvashanku,sibling,ashva,1
ashvashiras1,sibling,ashva,1
ashvatthaa,father,drona,1
ashvatthaaman,father,bharadvaaja,1
ashvatthaaman,father,drona,5
ashvins,father,vivasvat,1
ashyutaayus,child,dirghaayus,1
ashyutaayus <subj>dirghaayus,child,ashyutaayus,1
asura,father,danu,1
asura,father,taarakaaksha,1
asura,sibling,ilvala,1
asura,sibling,sunda,1
asura,sibling,vaataapi,1
asura,spouse,krishna,2
aushinara,child,brihadgarbha,1
avaacina,child,iarha1,1
avikshit,child,Shaalmali1,1
avikshit,child,kuru,1
avikshit,child,marutta,1
avikshit,child,parikshit,1
avikshit,child,parikshit2,2
avikshit,child,samvarta,1
avikshit,child,shaalmali1,1
avikshit,child,uccaishravas2,2
avikshit,child,viraaja,2
avikshit,father,karandhama,1
avikshit,father,kuru,4
avikshit bis,child,marutta,1
avindhya,sibling,vibhishana,1
avindhya,spouse,vibhishana,1
ayashanku,sibling,ashva,1
ayutanaayin,father,prithushravas,2
b,father,brahmaan,1
b,father,kavi,1
b,father,manu,1
b,mother,shibi,1
b,mother,vishvaamitra,10
"b,.b,.b,.b foll",spouse,kashyapa,1
baaladhi,child,medhaavin,2
baaladhi,child,medhaavin1,1
babhru,spouse,shaamba,1
babhru vaahana,father,citravaahana,1
babhruvaahana,father,citravaahana,1
baka,sibling,kirmira,1
baka,sibling,vaali,1
balaraama,spouse,revati,2
bh.b,spouse,gangaa,1
bhaanu,spouse,nishaa,1
bhaargavabhrigunandanambhrigo,father,bhrigu,1
bhadra shaakha,child,navaka,2
bhadraa,father,soma,2
bhadraa,spouse,varuna,1
bhadraa kaakshivati,spouse,vyushitaashva,2
bhagadatta,child,Vajradatta,1
bhagadatta,child,vajradatta,1
bhagadatta,father,shailaalaya,1
bhagiratha,child,bhagiratha,1
bhagiratha,child,hamsi,1
bhagiratha,father,Dilipa1,1
bhagiratha,father,ailavila,2
bhagiratha,father,bhagiratha,1
bhagiratha,father,dilipa,1
bhagiratha,father,ilipa1,1
bhagiratha,father,sagara,1
bhagiratha,sibling,dilipa,1
bhangaasvana,spouse,bhangaasvanas,1
bhangaasvanas,spouse,bhangaasvana,1
bharadvaaja,child,ashvatthaaman,1
bharadvaaja,child,bhumanyu,1
bharadvaaja,child,drona,3
bharadvaaja,child,shrutaavati,3
bharadvaaja,child,yavakrita,1
bharadvaaja,father,bhumanyu,2
bharadvaaja <subj>viraa,spouse,bharadvaaja,1
bharadvaajafather,spouse,drupadadrupadafriend,1
bharadvaajas,spouse,brahma caarini,1
bharata,child,bhumanyu,2
bharata,father,dushyanta,1
bharata,spouse,sarvasena,2
bharatasattama,father,dhritaraashtra,2
bharatasattama,sibling,praatipa,1
bharatashreshtha,father,dhritaraashtra,2
bharatashreshtha,father,dhritaraashtraja,1
bhargavabhrigunandanambhrigo,father,bhrigu,1
bhima,child,damana,1
bhima,child,damana3,1
bhima,child,indrasena,2
bhima,child,indrasenaa,1
bhima,sibling,arjuna,1
bhima,sibling,dhrishtadyumna,1
bhima,sibling,duryodhana,1
bhima,sibling,hanumat,2
bhima,sibling,somadatta,1
bhima,spouse,damana,1
bhima,spouse,hidimbaa,1
bhima1,father,dhritaraashtra,1
bhimabala2,father,dhritaraashtra,1
bhimaratha,father,dhritaraashtra,1
bhimaratha1,father,dhritaraashtra,1
bhimasena,child,ghatotkaca,1
bhimasena,child,sutasoma,1
bhimasena,father,paandu,1
bhimasena,sibling,arjuna,2
bhimasena,sibling,bhimasenas,1
bhimasena,sibling,janamejaya,1
bhimasena,sibling,saatyaki,1
bhimasena,sibling,sahadeva,3
bhimasena,sibling,shrutasena,1
bhimasena,sibling,ugr,1
bhimasena,spouse,draupadi,2
bhimasena,spouse,hidimba,1
bhimasena,spouse,hidimbaa,2
bhimasena,spouse,kumaari,2
bhimasena,spouse,sudeva,1
bhimasena,spouse,viraata,1
bhimasenas,sibling,bhimasena,1
bhimashara,father,dhritaraashtra,1
bhimavega,father,dhritaraashtra,1
bhishma,sibling,duryodhana,1
bhishma,sibling,vicitravirya,2
bhishma,sibling,vidura,1
bhishma,spouse,satyavati samvaada,2
bhishmaka,child,rukmin,1
bhishmaka,child,rukmini,2
bhojaraaja,father,ugrasena,1
bhrigu,child,Vajrashirsha,1
bhrigu,child,bhaargavabhrigunandanambhrigo,1
bhrigu,child,bhargavabhrigunandanambhrigo,1
bhrigu,child,kushika,1
bhrigu,child,savana,2
bhrigu,child,shuci1,2
bhrigu,child,vajrashirsha,1
bhrigu,child,vibhu2,2
bhrigu,father,brahmaan,1
bhrigu,spouse,pulomaa,3
bhumanyu,child,bharadvaaja,1
bhumanyu,child,diviratha,1
bhumanyu,child,diviratha1,2
bhumanyu,child,ricika3,1
bhumanyu,child,ruricika3,1
bhumanyu,child,suhavis,2
bhumanyu,child,suhotra,1
bhumanyu,child,suhotra1,2
bhumanyu,child,suhotri,2
bhumanyu,child,suyajus,2
bhumanyu,father,bharadvaaja,1
bhumanyu,father,bharata,1
bhumanyu,spouse,Pushkarini,1
bhumanyu,spouse,pushkarini,1
bhumanyu <subj>pushkarini,spouse,bhumanyu,1
bhuri,father,somadatta,2
bhuri,sibling,bhurishravas,2
bhuridyumna,father,viradyumna,1
bhuridyumna <subj>viradyumna,father,bhuridyumna,1
bhurishravas,father,somadatta,1
bhurishravas,sibling,bhuri,2
bhutitirthaa.u,spouse,Bhutitirtha,1
brahma,sibling,vidura,1
brahma caarini,spouse,bharadvaajas,1
brahmaan,child,b,1
brahmaan,child,bhrigu,1
brahmaan,child,cyavana,2
brahmaan,child,kratu1,1
brahmaan,child,marici1,1
brahmaan,child,pulaha,1
brahmaan,child,pulastya,1
brahmaan,child,rishi,1
brahmaan,child,saanaatana2,2
brahmaan,child,sana,1
brahmaan,child,sanaatana2,1
brahmaan,child,sanaka,2
brahmaan,child,sanandana,2
brahmaan,child,sanatkumaara,1
brahmaan,child,shankhapada,1
brahmaan,child,shiva,1
brahmaan,father,agni,1
brahmaan,spouse,saavitri,1
brahmaan,spouse,sarasvati,1
brahmaan,spouse,svaahaa,1
brahmaan,spouse,tirtha.do,1
brahmaan,spouse,veda,1
brahmaans,spouse,kaama,2
brahmaans,spouse,kushika,1
brahmadatta,child,son,2
brahman,spouse,brahman woman,1
brahman,spouse,his wife,1
brahman woman,spouse,brahman,1
brahmarshi,father,varuna,1
brihadgarbha,mother,aushinara,1
brihadratha,child,jaraasandha,1
brihadratha,child,jaraasandha1,1
brihadratha,father,kaashiraaja3,3
brihaspati,sibling,utathya,3
brihaspati,spouse,caandramasi,3
brihaspati,spouse,taaraa,2
brihatkirti,father,angiras,1
caandaala,spouse,nishaadi,2
caandraashva,father,kuvalaashva,1
caandramasi,spouse,brihaspati,1
caarucitra,father,dhritaraashtra,1
caarucitraangada,father,dhritaraashtra,5
cakraka,father,vishvaamitra,1
cakraka,mother,vishvaamitra,1
candraashva,father,kuvalaashva,1
candrasena1,father,samudrasena,1
cirakaari,father,gautama,1
citra,sibling,citrasena,1
citra,sibling,citrasena6,2
citra1,father,dhritaraashtra,2
citra4,sibling,citrasena,1
citraaksha,father,dhritarashtra,2
citraanga,father,dhritaraashtra,2
citraayudha,father,dhritaraashtra,1
citraayudha1,father,dhritaraashtra,2
citrabaahu,father,dhritaraashtra,2
citrabarhin,father,garuda,2
citracaapa,father,dhritaraashtra,2
citraka,father,dhritaraashtra,1
citraka1,father,dhritaraashtra,1
citraketu,child,suketu3,2
citrakundala,father,dhritaraashtra,2
citraratha,child,shashabindu1,1
citraratha,spouse,kumbhinasi,1
citraratha bis,child,shashabindu1,1
citraratha bis.,child,shashabindu1,1
citrasena,father,dhritaraashtra,1
citrasena,father,karna,1
citrasena,sibling,citra,1
citrasena,sibling,citra4,1
citrasena1,father,dhritaraashtra,1
citrasena1,father,karna,1
citrasena2,father,elder parikshit,1
citrasena2,father,parikshit,1
citrasena4,spouse,jaraasandha,1
citrasena6,sibling,citra,2
citrasena8,sibling,karna,2
citravaahana,child,babhru vaahana,2
citravaahana,child,babhruvaahana,1
citravaana,father,dhritaraashtra,2
citravarman,father,dhritaraashtra,1
citravarman1,father,dhritaraashtra,1
citravarman3,sibling,viraketu,1
citravarman4,father,sucitra,1
citravarman4,mother,sucitra,1
cyavana,father,brahmaan,1
cyavana,father,sharyaati,1
cyavana,spouse,aarushi,1
daakshaayani,spouse,kashyapa,2
daanavas,father,daksha,1
daanavas,father,kashyapa,1
daasharathi,child,dasharatha,1
daasharathi,father,dasharatha,2
daasharathi,spouse,janaka,1
daasharathi,spouse,parashuraama,1
dadhivaahana,child,diviratha2,1
dahana3,spouse,skanda,1
dahati,spouse,skanda,1
daiteya ilvala,sibling,vaataapi.ilvala,1
daitya,father,hiranyakashipu,1
daksha,child,aditi,2
daksha,child,aditi1,1
daksha,child,agni,1
daksha,child,daanavas,1
daksha,child,dati,1
daksha,child,kashyapa,13
daksha,child,krodha,1
daksha,child,krodhaa,2
daksha,child,simhikaa,2
daksha,child,skanda,2
daksha,child,soma,1
daksha,child,svaahaa,2
daksha,father,rudra,1
daksha,sibling,vishnu,1
daksha,spouse,agni,1
daksha,spouse,dharma,4
daksha,spouse,kashyapa,1
daksha,spouse,soma,5
daksha,spouse,virini,1
daksha <subj>virini,spouse,daksha,1
dakshashanaishcara suryaputro bhavishyati mu aadiganapurvaka,child,vyaasaaanushaasanik,1
dala,child,Shyenajit,1
dala,child,Shyenajit1,1
damaghosha,child,shaalva,1
damaghosha,child,shishupaala,4
damana,child,damana,2
damana,mother,damana,2
damana,spouse,bhima,1
damana3,father,bhima,1
damayanti,mother,Brihatsenaa,2
damayanti,sibling,draupadi,1
damayanti,spouse,nala,4
damayanti,spouse,nala1,2
danda1,sibling,dandadhaara,1
dandadhaara,father,dhritaraashtra,1
dandadhaara,sibling,danda1,1
dandadhaara2,father,dhritaraashtra,1
dandin1,father,dhritaraashtra,2
danu,child,asura,1
danu,child,muka,1
danu <subj>dirghajihva,child,danu,1
darpa,father,adharma,1
dashaashva,child,madiraashva,1
dashaashva,father,manu vaivasvata,1
dashagriva,father,vishravas,1
dashajyotis,father,subhraaj,1
dasharatha,child,daasharathi,2
dasharatha,child,jaamadagnya,1
dasharatha,child,lakshmana,1
dasharatha,child,raama,5
dasharatha,child,raama1,1
dasharatha,child,shatrughna,1
dasharatha,child,shatrughna1,2
dasharatha,father,aja,2
dasharatha,father,daasharathi,1
dasharatha,spouse,kaikeyi,1
dasharatha,spouse,kaiye,1
dasharatha,spouse,kausalyaa,1
dasharatha,spouse,sumitraa,6
dattaatreya,child,nimi2,2
daughters,father,aaryaka,1
daughters son,father,aaryaka,1
devaapi,father,pratipa,1
devaatithi,child,iarahi,1
devaka,child,devaki,1
devaka,child,vidura,2
devakas,child,devaki,1
devakas,child,vidura,1
devakas,spouse,vidura,1
devaki,child,krishna,3
devaki,father,devaka,1
devaki,father,devakas,1
devaki,spouse,vasudeva,2
devala,sibling,dhaumya,1
devaraata2,mother,vishvaamitra,1
devasenaa,father,prajaapati,2
devasenaa,mother,prajaapati,1
devasenaa,spouse,skanda,1
devasharaman,spouse,ruci,1
devasharman,spouse,ruci3,2
devayaani,spouse,yayaati,7
devi,spouse,rudra,1
devi,spouse,varuna,1
devikaa,spouse,yudhishthira,3
dhaartaraashtra,child,duryodhana,1
dhaartaraashtra,child,duryodhanasuta,1
dhaartaraashtra,father,dhritaraashtra,2
dhaartaraashtra,spouse,duryodhana,1
dhananjaya,spouse,Kumaari,1
dhananjaya,spouse,kumaari,2
dhanurdhara,father,dhritaraashtra,1
dhanurdhara1,father,dhritaraashtra,2
dhanurgraaha,father,dhritaraashtra,2
dhanurgraha,father,dhritaraashtra,2
dharma,child,harsha,2
dharma,father,daksha,1
dharma,spouse,daksha,2
dharmanetra,father,dhritaraashtra,2
dharmas,father,daksha,1
dharmas,father,krishna,1
dhaumya,sibling,devala,1
dhrishnu1,father,vaivasvata,1
dhrishnu2,father,kavi,2
dhrishtadyumna,child,drona,2
dhrishtadyumna,child,kshatravarman,2
dhrishtadyumna,child,maanada1,3
dhrishtadyumna,father,drupada,1
dhrishtadyumna,sibling,draupadi,1
dhrishtadyumna,sibling,drona,1
dhrishtadyumna,sibling,shikhandin,1
dhrishtaketu,father,pancaala,1
dhrishtaketu,sibling,pancaala,1
dhrishtaketu,spouse,pancaala,1
dhrishtaketu2,father,shishupaala,1
dhritaarashtra,child,shakuni,1
dhritaarashtra,spouse,shakuni,1
dhritaraashtra,child,Hastin1,2
dhritaraashtra,child,Indraabha,1
dhritaraashtra,child,Kundabheda,1
dhritaraashtra,child,Kundabhedin,1
dhritaraashtra,child,Kundadhaara1,1
dhritaraashtra,child,Kundaja,1
dhritaraashtra,child,Kundalin2,1
dhritaraashtra,child,Kundashaayin,1
dhritaraashtra,child,Kundika,1
dhritaraashtra,child,Nishangin,1
dhritaraashtra,child,Somakirti,1
dhritaraashtra,child,Sucitra3,2
dhritaraashtra,child,Sudarsha2,1
dhritaraashtra,child,Sudarshana,1
dhritaraashtra,child,Sudarshana7,2
dhritaraashtra,child,Vijaya5,2
dhritaraashtra,child,Vivimsha1,1
dhritaraashtra,child,Vivimshati,2
dhritaraashtra,child,Vivitsu,1
dhritaraashtra,child,aadityaketu,2
dhritaraashtra,child,aanaadhrishti3,1
dhritaraashtra,child,aanaadhrishya,1
dhritaraashtra,child,alolupa,2
dhritaraashtra,child,angada2,1
dhritaraashtra,child,anudara,2
dhritaraashtra,child,anuvinda3,2
dhritaraashtra,child,bharatasattama,1
dhritaraashtra,child,bharatashreshtha,1
dhritaraashtra,child,bhima1,2
dhritaraashtra,child,bhimabala2,2
dhritaraashtra,child,bhimaratha,1
dhritaraashtra,child,bhimaratha1,1
dhritaraashtra,child,bhimashara,1
dhritaraashtra,child,bhimavega,2
dhritaraashtra,child,caarucitra,1
dhritaraashtra,child,caarucitraangada,5
dhritaraashtra,child,citra1,2
dhritaraashtra,child,citraanga,2
dhritaraashtra,child,citraayudha,1
dhritaraashtra,child,citraayudha1,1
dhritaraashtra,child,citrabaahu,2
dhritaraashtra,child,citracaapa,2
dhritaraashtra,child,citraka,1
dhritaraashtra,child,citraka1,2
dhritaraashtra,child,citrakundala,2
dhritaraashtra,child,citrasena,1
dhritaraashtra,child,citrasena1,2
dhritaraashtra,child,citravaana,2
dhritaraashtra,child,citravarman,1
dhritaraashtra,child,citravarman1,2
dhritaraashtra,child,dandadhaara,1
dhritaraashtra,child,dandadhaara2,2
dhritaraashtra,child,dandin1,2
dhritaraashtra,child,dhaartaraashtra,2
dhritaraashtra,child,dhanurdhara,1
dhritaraashtra,child,dhanurdhara1,1
dhritaraashtra,child,dhanurgraaha,2
dhritaraashtra,child,dhanurgraha,2
dhritaraashtra,child,dharmanetra,2
dhritaraashtra,child,dridha1,3
dhritaraashtra,child,dridhaayudha,3
dhritaraashtra,child,dridhahasta,3
dhritaraashtra,child,dridhakshatra,3
dhritaraashtra,child,dridharatha,1
dhritaraashtra,child,dridharatha1,2
dhritaraashtra,child,dridharathaashraya,3
dhritaraashtra,child,dridhasandha,3
dhritaraashtra,child,dridhavarman,3
dhritaraashtra,child,duraadhara,1
dhritaraashtra,child,durdhara1,2
dhritaraashtra,child,durdharsha,1
dhritaraashtra,child,durdharsha1,2
dhritaraashtra,child,durdharshana,2
dhritaraashtra,child,durjaya3,2
dhritaraashtra,child,durmada,3
dhritaraashtra,child,durmarshana1,3
dhritaraashtra,child,durmukha,1
dhritaraashtra,child,durvigaaha,3
dhritaraashtra,child,durvimocana,3
dhritaraashtra,child,durvirocana,3
dhritaraashtra,child,durvishaha1,3
dhritaraashtra,child,dusaha,1
dhritaraashtra,child,dusaha1,2
dhritaraashtra,child,dushala,2
dhritaraashtra,child,dushalaa,1
dhritaraashtra,child,dushkarna,2
dhritaraashtra,child,dushparaajaya,2
dhritaraashtra,child,dushpradharsha,2
dhritaraashtra,child,dushpradharshana,2
dhritaraashtra,child,dushpraharsha,2
dhritaraashtra,child,fraudrakarman,1
dhritaraashtra,child,hastin1,1
dhritaraashtra,child,havishravas,2
dhritaraashtra,child,indraabha,1
dhritaraashtra,child,jaitra,2
dhritaraashtra,child,jalasandha,1
dhritaraashtra,child,jalasandha2,2
dhritaraashtra,child,jaraasandha,1
dhritaraashtra,child,jaraasandha2,1
dhritaraashtra,child,jaya1,1
dhritaraashtra,child,jayasena,1
dhritaraashtra,child,jayasena2,2
dhritaraashtra,child,jayatsena4,1
dhritaraashtra,child,kanakaangada,2
dhritaraashtra,child,kanakaayu,3
dhritaraashtra,child,kanakadhvaja,2
dhritaraashtra,child,karakaayu,2
dhritaraashtra,child,karna,1
dhritaraashtra,child,karna2,2
dhritaraashtra,child,kaurava,2
dhritaraashtra,child,kavacin,2
dhritaraashtra,child,khundala,1
dhritaraashtra,child,kraatha,1
dhritaraashtra,child,kraatha1,2
dhritaraashtra,child,kraatha4,2
dhritaraashtra,child,krathana3,1
dhritaraashtra,child,kshemamurti,2
dhritaraashtra,child,kunda1,3
dhritaraashtra,child,kundaashin,2
dhritaraashtra,child,kundabheda,2
dhritaraashtra,child,kundabhedin,2
dhritaraashtra,child,kundadhaara1,2
dhritaraashtra,child,kundaja,2
dhritaraashtra,child,kundaka,1
dhritaraashtra,child,kundalin2,2
dhritaraashtra,child,kundashaayin,2
dhritaraashtra,child,kurupravira,1
dhritaraashtra,child,kuruvardhana,1
dhritaraashtra,child,mahaabaahu1,1
dhritaraashtra,child,mahabaahu1,2
dhritaraashtra,child,mahodara3,2
dhritaraashtra,child,naagadatta,2
dhritaraashtra,child,nanda1,2
dhritaraashtra,child,nandaka,1
dhritaraashtra,child,nandaka1,2
dhritaraashtra,child,nishangin,2
dhritaraashtra,child,paashin,2
dhritaraashtra,child,padmanaabha,1
dhritaraashtra,child,padmanaabha2,2
dhritaraashtra,child,pandita,1
dhritaraashtra,child,pandita1,1
dhritaraashtra,child,pramatha,2
dhritaraashtra,child,purumitra,1
dhritaraashtra,child,ravi3,2
dhritaraashtra,child,rugra1,1
dhritaraashtra,child,rugrasena4,1
dhritaraashtra,child,ruhrashravas2,1
dhritaraashtra,child,rujayaayin,1
dhritaraashtra,child,sacuaru2,1
dhritaraashtra,child,sada,2
dhritaraashtra,child,saha1,2
dhritaraashtra,child,sahasravaac,3
dhritaraashtra,child,sajaata,1
dhritaraashtra,child,sama1,1
dhritaraashtra,child,sattva,1
dhritaraashtra,child,satyasandha,1
dhritaraashtra,child,satyasandha1,2
dhritaraashtra,child,satyavrata,1
dhritaraashtra,child,satyavrata2,1
dhritaraashtra,child,saum1,1
dhritaraashtra,child,senaani,2
dhritaraashtra,child,senaapati,1
dhritaraashtra,child,senaapati1,1
dhritaraashtra,child,shala2,2
dhritaraashtra,child,shanda,2
dhritaraashtra,child,sharaasana,2
dhritaraashtra,child,shatrunjaya,1
dhritaraashtra,child,shatrunjaya2,2
dhritaraashtra,child,shatrusaha,2
dhritaraashtra,child,shrutaanta,1
dhritaraashtra,child,shrutakarman3,2
dhritaraashtra,child,shrutarvan2,2
dhritaraashtra,child,somakirti,2
dhritaraashtra,child,subaahu,1
dhritaraashtra,child,subaahu4,1
dhritaraashtra,child,subala,1
dhritaraashtra,child,sucaaru2,1
dhritaraashtra,child,sucitra3,1
dhritaraashtra,child,sudarsha2,1
dhritaraashtra,child,suhasta,2
dhritaraashtra,child,sujaata,2
dhritaraashtra,child,sukundala,2
dhritaraashtra,child,sularsha2,1
dhritaraashtra,child,sulocana,1
dhritaraashtra,child,sulocana1,2
dhritaraashtra,child,sumukha4,2
dhritaraashtra,child,sunaabha,1
dhritaraashtra,child,sunaabha1,1
dhritaraashtra,child,supaarshva2,2
dhritaraashtra,child,sushena,1
dhritaraashtra,child,sushena2,1
dhritaraashtra,child,suvarcas1,2
dhritaraashtra,child,suvarman,1
dhritaraashtra,child,suvarman1,2
dhritaraashtra,child,tuhunda2,2
dhritaraashtra,child,uanyaayin,1
dhritaraashtra,child,ugra,1
dhritaraashtra,child,ugra1,1
dhritaraashtra,child,ugraashravas2,1
dhritaraashtra,child,ugraayaayin,1
dhritaraashtra,child,ugraayin,1
dhritaraashtra,child,ugraayudha,1
dhritaraashtra,child,ugraayudha1,1
dhritaraashtra,child,ugrahravas2,1
dhritaraashtra,child,ugrapsena4,1
dhritaraashtra,child,umayaayin,1
dhritaraashtra,child,unayaayin,1
dhritaraashtra,child,upacitra,2
dhritaraashtra,child,upananda2,2
dhritaraashtra,child,upanandaka,1
dhritaraashtra,child,upanandaka1,1
dhritaraashtra,child,uranaabha,1
dhritaraashtra,child,uranabha,1
dhritaraashtra,child,urgraayudha1,1
dhritaraashtra,child,vaatavega1,2
dhritaraashtra,child,vaayuvega,1
dhritaraashtra,child,vaayuvega2,2
dhritaraashtra,child,vairaata,2
dhritaraashtra,child,vardi3,1
dhritaraashtra,child,vatavega1,1
dhritaraashtra,child,vidyudhoraska,1
dhritaraashtra,child,vidyudhoru,2
dhritaraashtra,child,vijaya5,1
dhritaraashtra,child,vikataanana,2
dhritaraashtra,child,vinda3,2
dhritaraashtra,child,vira2,2
dhritaraashtra,child,viraavin,2
dhritaraashtra,child,virocana2,2
dhritaraashtra,child,vishaalaaksha,1
dhritaraashtra,child,vishaalaaksha1,2
dhritaraashtra,child,vitarka,2
dhritaraashtra,child,vivimsha1,1
dhritaraashtra,child,vivimshati,1
dhritaraashtra,child,vivitsu,2
dhritaraashtra,child,vrindaaraka,1
dhritaraashtra,child,vyudhoraska,2
dhritaraashtra,child,vyudhoru,1
dhritaraashtra,father,subala,1
dhritaraashtra,sibling,acala,1
dhritaraashtra,sibling,shakuni,1
dhritaraashtra,sibling,subala,1
dhritaraashtra,spouse,gaandhari,2
dhritaraashtra,spouse,subala,1
dhritaraashtra,spouse,vyaasa,1
dhritaraashtra <subj>anaadhrishti3,child,dhritaraashtra,1
dhritaraashtra <subj>anaadhrishya,child,dhritaraashtra,1
dhritaraashtra <subj>bhima1,child,dhritaraashtra,1
dhritaraashtra <subj>bhimabala2,child,dhritaraashtra,1
dhritaraashtra <subj>bhimaratha1,child,dhritaraashtra,1
dhritaraashtra <subj>bhimashara,child,dhritaraashtra,1
dhritaraashtra <subj>bhimavega,child,dhritaraashtra,1
dhritaraashtra <subj>dirghabaahu,child,dhritaraashtra,2
dhritaraashtra <subj>dirghalocana,child,dhritaraashtra,2
dhritaraashtra <subj>dirgharoma,child,dhritaraashtra,2
dhritaraashtra <subj>krathana3,child,dhritaraashtra,1
dhritaraashtra <subj>raudrakarman,child,dhritaraashtra,1
dhritaraashtra <subj>sama1,child,dhritaraashtra,1
dhritaraashtra <subj>shrutaanta,child,dhritaraashtra,1
dhritaraashtra <subj>supaarshva2,child,dhritaraashtra,1
dhritaraashtra <subj>urnanaabha,child,dhritaraashtra,1
dhritaraashtra <subj>vikata1,child,dhritaraashtra,1
dhritaraashtra <subj>vikataanana,child,dhritaraashtra,1
dhritaraashtra <subj>virabaahu,child,dhritaraashtra,1
dhritaraashtra <subj>virabaahu1,child,dhritaraashtra,1
dhritaraashtra <subj>virajas,child,dhritaraashtra,1
dhritaraashtra <subj>virajas2,child,dhritaraashtra,1
dhritaraashtra <subj>vrindaaraka,child,dhritaraashtra,1
dhritaraashtra.,child,duraadhara,1
dhritaraashtra1,child,Kundodara2,1
dhritaraashtra1,child,kundodara,1
dhritaraashtra1,child,kundodara2,1
dhritaraashtra4,child,Kundika,1
dhritaraashtra4,child,Kundina1,1
dhritaraashtra4,child,kundika,1
dhritaraashtra4,child,kundina,1
dhritaraashtra4,child,kundina1,1
dhritaraashtra4,father,janamejaya,2
dhritaraashtraja,child,bharatashreshtha,1
dhritaraashtras,child,aparaajita3,2
dhritarashtra,child,citraaksha,2
dhritarashtra,child,pramaathin1,1
dhritarashtra <subj>ramaathin1,child,dhritarashtra,2
dhritariaashtra,child,duraadhana,2
dhrtaraashtras,child,ariharha3,1
dhruva2,father,nahusha,1
dhumini,spouse,ajamidha,2
dhumornaa,spouse,maarkandeya,2
dhumornaa,spouse,yama,2
dilipa,sibling,bhagiratha,1
dirghabaahu,father,dhritaraashtra,1
dirghalocana,father,dhritaraashtra,1
dirgharoma,father,dhritaraashtra,1
dirghatama,spouse,pradveshi,2
dishaam paalaaya,father,raibhya,1
divaakara1,father,garuda,1
diviratha,father,bhumanyu,1
diviratha1,father,bhumanyu,1
diviratha2,father,dadhivaahana,2
divodaasa,child,pratardana,1
divodaasa,child,pratardana1,1
divodaasa,father,sudeva,5
dramaathin1,father,dhritarashtra,1
draupad,spouse,sahadeva,1
draupadeya,spouse,aarjuni,1
draupadeya,spouse,arjuna,1
draupadi,father,drupada,1
draupadi,sibling,damayanti,1
draupadi,sibling,dhrishtadyumna,1
draupadi,sibling,shikhandin,1
draupadi,spouse,arjuna,3
draupadi,spouse,bhimasena,1
draupadi,spouse,nakula,1
draupadi,spouse,nakula paandava,1
draupadi,spouse,paandava,1
draupadi,spouse,paandavas,1
draupadi,spouse,paandu,1
draupadi,spouse,sahadeva,2
draupadi,spouse,yudhishthira,1
draupadi.,spouse,arjuna,1
dridha1,father,dhritaraashtra,2
dridhaashva,father,kuvalaashva,2
dridhaayudha,father,dhritaraashtra,2
dridhahasta,father,dhritaraashtra,2
dridhakshatra,father,dhritaraashtra,2
dridharatha,father,dhritaraashtra,1
dridharatha1,father,dhritaraashtra,1
dridharathaashraya,father,dhritaraashtra,2
dridhasandha,father,dhritaraashtra,2
dridhavarman,father,dhritaraashtra,2
drishadvat,child,samyaati,1
drona,child,ashvatthaa,1
drona,child,ashvatthaaman,5
drona,father,bharadvaaja,5
drona,father,indravarman,1
drona,sibling,dhrishtadyumna,1
drona,sibling,kripa,1
drona,sibling,kripi,2
drona,spouse,kripa,1
drona,spouse,kripi,2
drona2,father,mandapaala,2
druhyu2,father,matinaara,1
drupada,child,Paarshata,1
drupada,child,draupadi,1
drupada,child,paancaala,4
drupada,child,paarshata,1
drupada,child,shatrunjaya5,2
drupada,child,suratha6,2
drupada,sibling,upayaaja,1
drupadadrupadafriend,child,drupada,1
drupadadrupadafriend,spouse,bharadvaajafather,1
dura,sibling,duryodhana,1
dura,sibling,karna,1
duraadhana,father,dhritariaashtra,2
duraadhara,father,dhritaraashtra,2
duraadhara,father,dhritaraashtra.,1
durdhara1,father,dhritaraashtra,2
durdharsha,father,dhritaraashtra,1
durdharsha1,father,dhritaraashtra,1
durdharshana,father,dhritaraashtra,2
durjaya2,father,shaaradandaayani,1
durjaya3,father,dhritaraashtra,1
durmada,father,dhritaraashtra,2
durmarshana1,father,dhritaraashtra,2
durmukha,father,dhritaraashtra,1
durvigaaha,father,dhritaraashtra,1
durvimocana,father,dhritaraashtra,2
durvirocana,father,dhritaraashtra,2
durvishaha1,father,dhritaraashtra,2
duryodhana,child,duryodhanasutaa,1
duryodhana,child,sahadeva,1
duryodhana,child,sudarshana,2
duryodhana,child,sudarshanaa,1
duryodhana,father,dhaartaraashtra,1
duryodhana,father,gaandhaara,1
duryodhana,father,gaandhaari,1
duryodhana,father,mhbhr.krishna,1
duryodhana,father,subala,1
duryodhana,mother,gaandhaari,4
duryodhana,sibling,bhima,2
duryodhana,sibling,bhishma,1
duryodhana,sibling,dura,1
duryodhana,sibling,dushaasana,3
duryodhana,sibling,karna,4
duryodhana,sibling,kurus,1
duryodhana,sibling,saubala,3
duryodhana,sibling,shakuni,2
duryodhana,sibling,yudhishthira,1
duryodhana,spouse,dhaartaraashtra,1
duryodhana,spouse,karna,1
duryodhana,spouse,raakshasa,1
duryodhana,spouse,sahadeva,1
duryodhanasuta,father,dhaartaraashtra,1
duryodhanasuta,father,duryodhana,1
duryodhanasuta,father,duryodhana dhaartaraashtra,1
duryodhanasutaa,father,duryodhana,2
dusaha,father,dhritaraashtra,1
dusaha1,father,dhritaraashtra,1
dushaasana,father,duryodhana,1
dushaasana,sibling,duryodhana,3
dushaasana,sibling,karna,4
dushaasana,sibling,saubala,2
dushaasana,sibling,shakuni,1
dushaasana,spouse,karna,1
dushaasana dhaartaraashtra,child,daushaasani,1
dushaasana dhaartaraashtra,child,dushaasani,1
dushala,father,dhritaraashtra,2
dushalaa,spouse,jayadratha,1
dushana,sibling,dushanaavarajau,1
dushana,sibling,pramaathin,2
dushanaavarajau,sibling,dushana,1
dushkarna,father,dhritaraashtra,2
dushparaajaya,father,dhritaraashtra,2
dushpradharsha,father,dhritaraashtra,2
dushpradharshana,father,dhritaraashtra,2
dushpraharsha,father,dhritaraashtra,2
dushyanta,child,bharata,1
dushyanta,sibling,vasu2,1
dushyanta,spouse,shakuntalaa,2
dushyanta <subj>vasu2,sibling,dushyanta,1
dushyanta1,child,bharata,1
dushyanta1,spouse,shakuntalaa,2
dushyanta2,father,ajamidha,2
dvaipaayana,father,vicitravirya,1
dvaipaayana,mother,ambaalikaa,1
dvaipaayana,mother,kaali,1
dvaipaayana,sibling,krishna dvaipaayana,2
dvita,father,gautama,1
dvita,sibling,ekata,4
dvita,sibling,trita,5
"dvita.b,...c,b",sibling,ekata,2
"dvita.b,..c,b",sibling,ekata,1
dvivida,sibling,mainda,1
dyumatsena,child,satyavat,1
dyumatsena,child,satyavat1,1
dyumatsena,spouse,shaibyaa,1
dyumatsena <subj>shaibyaa,spouse,dyumatsena,1
ekalavya,father,hairanyadhanus,1
ekalavya,father,hiranyadhanus,3
ekata,sibling,dvita,4
ekata,sibling,"dvita.b,...c,b",1
ekata,sibling,"dvita.b,..c,b",1
ekata,sibling,"dvita.b,.c,b",1
ekata,sibling,trita,3
elder bhimasena,spouse,kumaari,1
elder janamejaya,child,jaambunada,2
elder janamejaya,child,janamejaya,1
elder janamejaya,child,paandu2,1
elder janamejaya,child,padaati,1
elder parikshit,child,Janamejaya5,1
elder parikshit,child,citrasena2,1
elder parikshit,child,janamejaya5,1
elder parikshit,child,sushena3,2
fire adbhuta,spouse,priyaa,1
fire bhaanu,spouse,nishaa,2
fire bhaanu,spouse,suprajaa,1
fire bhaanu <subj>suprajaa,spouse,fire bhaanu,1
fire shamyu,spouse,satyaa,2
fraudrakarman,father,dhritaraashtra,1
gaadhi,child,indra,1
gaadhi,child,ricika,2
gaadhi,child,satyavati,2
gaadhi,father,indra,1
gaadhi,sibling,indra,1
gaadhi,spouse,ricika,1
gaadhi bis,child,vishvaamitra,1
gaandhaari,child,duryodhana,3
gaandhaari,father,subala2,1
gaandhaari,sibling,shakuni,1
gaandhaari,sibling,vyaasa,1
gaandhaari,spouse,ajamidha,1
gaandhaari,spouse,krishna,2
gaandhaari,spouse,kunti,2
gaandhaari,spouse,vyaasa,2
gaandhari,spouse,dhritaraashtra,1
gaandiva,sibling,indra,1
gada,sibling,krishna,1
gada,sibling,vrishni,1
gandaa,spouse,shudra pashusakha,1
gangaa,spouse,bh.b,1
gangaa,spouse,shaantanu,1
gangaa,spouse,shaantanus,1
garuda,child,citrabarhin,2
garuda,child,divaakara1,1
garuda,child,nishaakara2,1
garuda,child,saptaraava,1
garuda,child,sunaaman3,1
garuda,child,suparna,78
garuda,child,suryanetra,1
garuda,child,vainateya2,1
garuda,child,vishaalaaksha3,1
garuda,mother,vinataa,1
garuda,sibling,aruna,1
garuda,sibling,surya,2
garuda <subj>hari3,child,garuda,1
gauri,spouse,varuna.b,1
gauri,spouse,varuna.b.,1
gautama,child,cirakaari,2
gautama,child,cirakaarika,1
gautama,father,utathya,1
gautami,mother,gotama,2
gavaaksha2,father,subala,1
gavaaksha2,sibling,shakuni,1
gavalgana,child,sanjaya1,1
gaya,father,amurtarayas,1
gaya1,father,amurtarayas,1
ghantakarna,spouse,skanda,2
ghatotkaca,mother,bhimasena,1
gopati5,father,shibi,1
gotama,child,gautami,2
gritsamada,child,Sucetas,1
gritsamada,child,sucetas,1
gunakeshi,father,maatali,2
haimavati,spouse,kaushika,1
haimavati,spouse,krishna,1
hamsa2,father,arishtaa,2
hanumat,father,vaayu,1
hanumat,sibling,bhima,2
hari,father,akampana,2
hari,father,anukampaka,1
hari4,father,akampana.b,1
harsha,father,dharma,1
harsha,spouse,nandaa,2
haryashva,father,yayaati,2
haryashva,spouse,maadhavi,3
hastin1,father,dhritaraashtra,1
havishravas,father,dhritaraashtra,1
hidimba,spouse,bhimasena,1
hidimbaa,child,anjanaparvan,1
hidimbaa,spouse,bhima,1
hidimbaa,spouse,bhimasena,2
hidimbaa,spouse,paandava,1
himavat,child,umaa,1
himavat,spouse,umaa,1
hiranyadhanus,child,ekalavya,1
hiranyakashipu,child,anuhlaada,1
hiranyakashipu,child,mandaara,2
hiranyakashipu,child,rohini,2
his wife,spouse,brahman,1
his wife,spouse,kalmaashapaada,3
his wife,spouse,kushika,1
horse,mother,vadavaa,1
horses,mother,vadavaa,1
ikshvaaku,child,aikshvaaki,1
ikshvaaku,child,vimsha,2
ikshvaaku,child,vishvagashva,2
ikshvaaku,father,aikshvaaki,1
ikshvaaku,spouse,aikshvaaki,1
ilaa,child,pururavasaanushaasanik,1
ilina,child,pravasu,2
ilina,child,shura3,2
ilina,spouse,Rathantari,1
ilina,spouse,rathantari,2
ilina.shura3,child,shura3,1
ilvala,sibling,asura,1
ilvala,sibling,vaataapi,1
indra,child,gaadhi,1
indra,child,jayanta,1
indra,child,jayanta1,1
indra,father,brahmaan,1
indra,father,gaadhi,1
indra,father,kashyapa,1
indra,sibling,gaadhi,1
indra,sibling,gaandiva,1
indra,sibling,parashuraama,1
indra,sibling,varuna,1
indra,spouse,namuci,1
indra,spouse,shaci,2
indra.,sibling,varuna.,1
indrasena,father,bhima,2
indrasena,mother,damayanti,1
indrasena,sibling,indrasenaa,1
indrasena1,father,parikshit,1
indrasenaa,father,bhima,1
indrasenaa,sibling,indrasena,1
indrasenaa,spouse,mudgala,2
indravarman,child,drona,2
j,father,mankanaka,4
j,spouse,maatarishvan,1
j.sukanyaa,spouse,maatarishvan,1
jaamadagnya,father,dasharatha,1
jaambavati,spouse,krishna,3
jaambunada,father,elder janamejaya,1
jaambunada,father,janamejaya,1
jahnu,child,aaja6,2
jahnu <subj>aja6,child,jahnu,1
jahnu.b,child,Sindhudvipa,1
jahnu.b,child,sindhudvipa,1
jaitra,father,dhritaraashtra,2
jalasandha,father,dhritaraashtra,1
jalasandha2,father,dhritaraashtra,1
jaleyu,father,raudraashva,2
jamadagni,child,Sushena5,1
jamadagni,child,Vishvaavasu2,1
jamadagni,child,rumanvat,2
jamadagni,child,sushena5,2
jamadagni,child,vasu4,1
jamadagni,child,vishvaavasu2,2
jamadagni,spouse,Renukaa,1
jamadagni,spouse,rinukaa,1
jamadagni <subj>vasu4,child,jamadagni,2
janaka,child,vasumat5,2
janaka,spouse,daasharathi,1
janaka,spouse,kausalyaa,3
janamejaya,child,Shankukarna,1
janamejaya,child,Shankukarna2,2
janamejaya,child,dhritaraashtra4,1
janamejaya,child,jaambunada,1
janamejaya,child,janishadha1,1
janamejaya,child,nishadha1,1
janamejaya,child,paandu2,1
janamejaya,child,padaati,2
janamejaya,child,vaasaati1,1
janamejaya,child,vasaati1,1
janamejaya,father,abhimanyu,2
janamejaya,father,elder janamejaya,1
janamejaya,father,parikshit,3
janamejaya,father,purus,1
janamejaya,sibling,bhimasena,3
janamejaya,sibling,paushya,1
janamejaya,sibling,shrutasena,3
janamejaya,sibling,ugrasena,3
janamejaya,sibling,ugrasena1,1
janamejaya,spouse,anantaa,1
janamejaya <subj>dhritaraashtra4,child,janamejaya,1
janamejaya paarikshita,sibling,shrutasena1,1
janamejaya paarikshita,spouse,vapushtamaa,2
janamejaya paarikshita <subj>shrutasena1,sibling,janamejaya paarikshita,1
janamejaya4,father,kuru,1
janamejaya5,child,Kundodara3,1
janamejaya5,child,kundodara3,2
janamejaya5,father,elder parikshit,1
jantu,father,somaka,1
jaraasandha,child,adridha,1
jaraasandha,child,kamsa,2
jaraasandha,child,madridha,1
jaraasandha,child,praapti2,1
jaraasandha,child,sahadeva,1
jaraasandha,child,sahadeva2,2
jaraasandha,father,brihadratha,1
jaraasandha,father,dhritaraashtra,1
jaraasandha,spouse,citrasena4,1
jaraasandha1,father,brihadratha,1
jaraasandha2,father,dhritaraashtra,2
jaras,spouse,krishna,1
jaratkaaru,child,aastika,3
jaratkaaru,sibling,jaratkaaru,2
jaratkaaru,sibling,vaasuki,1
jaratkaaru,spouse,jaratkaaru1,1
jaratkaaru,spouse,vaasuki,2
jaratkaaru1,child,aastika,1
jaratkaaru1,spouse,jaratkaaru,1
jaritaa,spouse,maharshi mandapaala,1
jaritaa,spouse,mandapaala,5
jaritaa,spouse,mandapala,2
jataayu,sibling,sampaati,2
jataayus,sibling,sampaati1,2
jaya1,father,dhritaraashtra,1
jayadratha,child,suratha8,2
jayadratha,father,vriddhakshatra,2
jayadratha,sibling,anikavidaarana,2
jayadratha,spouse,Dhritaraashtra,1
jayadratha,spouse,dushalaa,1
jayanta,father,indra,1
jayanta,father,puloman,2
jayasena,father,dhritaraashtra,1
jayasena2,father,dhritaraashtra,1
jayatsena4,father,dhritaraashtra,1
jvaalaa,father,takshaka,1
jvaalaajihva,spouse,skanda,1
kaakshivat,child,muni,1
kaali,child,dvaipaayana,1
kaama,sibling,raama,1
kaama,spouse,brahmaans,2
kaama,spouse,kushika,1
kaama,spouse,rati1,2
kaama3,spouse,skanda,1
kaancanashthivin,father,srinjaya,1
kaarandhama,father,suvarcas,1
kaarni,father,karna,1
kaarttikeya,father,adbhuta,1
kaashiraaja3,child,brihadratha,1
kaashya,sibling,abhibhu,1
kaashyapa,child,vibhaandaka,1
kaashyapa,father,vibhaandaka,1
kaayavya,mother,nishaada,1
kaayavya,spouse,nishaada,1
kadru,father,daksha,1
kadru,sibling,vinataa,1
kadru,spouse,kashyapa,2
kadru,spouse,vinataa,1
kaitabha,spouse,madhu,2
kaitavya,father,shaakuni,1
kaitavya,father,shakuni,1
kalinga,child,karambhaa,1
kalinga king,child,karambhaa,1
kalinga king,child,shakradeva,1
kalinga2,sibling,vrishaka2,1
kalinga2 <subj>vrishaka2,sibling,kalinga2,1
kalmaashapaada,spouse,his wife,3
kalmaashapaada,spouse,madayanti,3
"kalmaashapaada, saudaasa",spouse,madayanti,1
kamsa,father,jaraasandha,1
kamsa,father,ugrasena,2
kamsa,sibling,solaraaman2,1
kamsa,sibling,sunaaman2,2
kanakaangada,father,dhritaraashtra,3
kanakaayu,father,dhritaraashtra,4
kanakadhvaja,father,dhritaraashtra,2
kaoda,child,ashtaavakra,2
karakaayu,father,dhritaraashtra,2
karandhama,child,avikshit,2
kardama,child,ananga1,2
karenumati,spouse,nakula paandava,1
karmin,father,shukra,1
karna,child,citrasena,1
karna,child,citrasena1,2
karna,child,karnaputra,2
karna,child,karnasuta,1
karna,child,prasena,1
karna,child,satyasandha4,2
karna,child,satyasena2,2
karna,father,adhiratha,2
karna,father,dhritaraashtra,1
karna,father,karnaputra,1
karna,father,raadhaa,1
karna,father,vipaatha,1
karna,father,vrikaratha,1
karna,mother,prithaa,2
karna,sibling,Sangraamajit2,1
karna,sibling,arjuna,3
karna,sibling,citrasena8,3
karna,sibling,dura,1
karna,sibling,duryodhana,4
karna,sibling,dushaasana,6
karna,sibling,kicaka,1
karna,sibling,sangraamajit2,2
karna,sibling,saubala,1
karna,sibling,shakuni,3
karna,sibling,shatrunjaya3,2
karna,sibling,somadatta,1
karna,sibling,vipaatha,2
karna,sibling,vrikaratha,2
karna,spouse,duryodhana,2
karna,spouse,shakuni,1
karna.shatrunjaya3,sibling,karna.shatrunjaya3,2
karna2,father,dhritaraashtra,1
karnaatmaja,father,karna,2
karnap,sibling,nala,1
karnaputra,child,karna,1
karnaputra,father,karna,1
karnasuta,father,karna,1
kashyapa,child,aruna,5
kashyapa,child,indra,1
kashyapa,father,daksha,12
kashyapa,father,marici1,1
kashyapa,spouse,Danaayus,1
kashyapa,spouse,aditi,1
kashyapa,spouse,aditi1,1
kashyapa,spouse,daakshaayani,1
kashyapa,spouse,daksha,1
kashyapa,spouse,kadru,3
kashyapa,spouse,praadhaa,3
kashyapa,spouse,taamraa,2
kashyapa,spouse,taisraa,1
kashyapa,spouse,vinataa,5
kashyapa.b,child,naadijangha,1
kaurava,father,dhritaraashtra,4
kauravanandana,father,paandu,2
kauravya,child,arjuna,1
kauravya,child,iraavat,1
kauravya,spouse,arjuna,1
kausalyaa,sibling,ambaalikaa,2
kausalyaa,spouse,dasharatha,1
kausalyaa,spouse,janaka,2
kausalyaa,spouse,puru,1
kaushika,spouse,haimavati,2
kavacin,father,dhritaraashtra,2
kavi,child,b,1
kavi,child,dhrishnu2,2
kavi,child,kaashin,1
kavi,child,kashin,1
kavi,child,ugra3,2
kavi <subj>virajas4,child,kavi,1
kavi1,child,kaavya1,2
kavi1,child,kavi4,2
kavi4,father,kavi1,2
keshini,spouse,ajamidha,2
khundala,father,dhritaraashtra,1
khyaanaparvan,sibling,nala,1
kicaka,spouse,viraata,1
kine,mother,surabhi,3
kirmira,sibling,baka,1
kosala,child,sukshatra,1
kosala king,child,sukshatra,1
kotikaasya,father,suratha3,2
kraatha,father,dhritaraashtra,1
kraatha1,father,dhritaraashtra,2
kraatha4,father,dhritaraashtra,1
kraathaputra,father,kraathaadhipa,1
krathana3,father,dhritaraashtra,1
kratu1,father,brahmaan,1
krikaneyu,father,raudraashva,1
kripa,father,sharadvat,1
kripa,sibling,drona,1
kripa,sibling,kripi,1
kripa,sibling,kritavarman,1
kripa,spouse,drona,1
kripi,child,aacaaryanandana,1
kripi,father,sharadvat,2
kripi,sibling,drona,2
kripi,sibling,kripa,1
kripi,spouse,drona,1
krisha1,father,rishi,1
krishna,child,pradyumna,2
krishna,child,shaamba,2
krishna,child,shambhu7,1
krishna,child,sunitha5,2
krishna,child,yashodhara,1
krishna,father,bhishma,1
krishna,father,citraratha,1
krishna,father,citraratha5,1
krishna,father,devaki,1
krishna,father,kroshtri,1
krishna,father,roshtri,1
krishna,father,vasudeva,3
krishna,mother,devaki,1
krishna,sibling,arjuna,3
krishna,sibling,gada,1
krishna,sibling,kunti,1
krishna,sibling,raama,2
krishna,sibling,saarana,1
krishna,sibling,vidura,1
krishna,sibling,vrishni,1
krishna,spouse,asura,1
krishna,spouse,gaandhaari,2
krishna,spouse,haimavati,2
krishna,spouse,jaambavati,3
krishna,spouse,jaras,1
krishna,spouse,maarkandeya,1
krishna,spouse,rakmini,3
krishna,spouse,rukmin,2
krishna,spouse,rukmini,16
krishna,spouse,sahibyaa,1
krishna,spouse,satyabhaamaa saatraajiti,1
krishna,spouse,shaibya5,1
krishna,spouse,shaibyaa,1
krishna,spouse,vishnu,1
krishna <subj>shaibyaa,spouse,krishna,1
krishna dvaipaayana,sibling,dvaipaayana,1
krishna vaasudeva,spouse,satyabhaamaa,2
krishnaa,sibling,sahadeva,1
krishnaa,spouse,kunti,3
krishnaa,spouse,viraata,1
krishnaa,spouse,yudhishthira,1
kritavarman,father,hridika,1
kritavarman,mother,hridika,1
kritavarman,sibling,kripa,1
kriti,child,ruciparvan,1
krodhaa,father,daksha,1
krodhavashaa,child,elephants,1
krodhavashaa,child,hari,2
krodhavashaa,child,maidamandaa,1
krodhavashaa,child,mrigamandaa,2
kshatradeva,father,shikhandin,1
kshatravarman,father,dhrishtadyumna,2
kshemamurti,father,dhritaraashtra,2
kubera,child,nalakubara,3
kubera,sibling,raavana,3
kubera,sibling,vibhishana2,1
kubera,spouse,riddhi,1
kubera.b,spouse,riddhi,2
kukshi2,father,raibhya,1
kumaari,spouse,bhimasena,1
kumaari,spouse,dhananjaya,1
kumbhinasi,spouse,citraratha,1
kumuda6,spouse,skanda,1
kumudamaalin,spouse,skanda,2
kunda1,father,dhritaraashtra,4
kundaashin,father,dhritaraashtra,2
kundabheda,father,dhritaraashtra,1
kundabhedin,father,dhritaraashtra,1
kundadhaara1,father,dhritaraashtra,1
kundaja,father,dhritaraashtra,1
kundaka,father,dhritaraashtra,1
kundalin2,father,dhritaraashtra,1
kundashaayin,father,dhritaraashtra,1
kundika,father,dhritaraashtra4,1
kundina,father,dhritaraashtra4,1
kundina1,father,dhritaraashtra4,1
kundodara,father,dhritaraashtra1,1
kundodara2,father,dhritaraashtra1,1
kundodara3,father,janamejaya5,1
kuni garga,child,praakshringavat,2
kunti,child,ajaatashatru,1
kunti,father,kunti,1
kunti,father,kuntibhoja,1
kunti,sibling,krishna,1
kunti,sibling,kuntiraaja,1
kunti,sibling,vasudeva,2
kunti,spouse,gaandhaari,1
kunti,spouse,krishnaa,3
kunti,spouse,maadri,1
kunti,spouse,paandu,1
kunti,spouse,surya,1
kuntibhoja,child,prithaa,2
kuntiraaja,sibling,kunti,1
kurcaamukha,mother,vishvaamitra,1
kuru,child,avikshit,3
kuru,child,janamejaya4,1
kuru,child,muni2,2
kuru,father,avikshit,1
kuru,father,riksha,1
kuru,spouse,shubhaangi,4
kuru,spouse,vaahini,3
kuru,spouse,vahini,2
kuru <subj>janamejaya4,child,kuru,1
kuru1,father,samvarana,2
kurujaangala,sibling,kurukshetra,1
kurukshetra,sibling,kurujaangala,1
kurumukhya,father,dhritaraashtra,1
kurunandana,father,paandu,1
kurupravira,father,dhritaraashtra,2
kurus,father,samvarana,1
kurus,sibling,duryodhana,1
kuruvardhana,father,dhritaraashtra,1
kushaamba,father,vasu uparicara,1
kushaamba,sibling,maavella,1
kushika,spouse,brahmaans,1
kushika,spouse,his wife,1
kushika,spouse,kaama,1
kuvalaashva,child,caandraashva,1
kuvalaashva,child,candraashva,2
kuvalaashva,child,dridhaashva,2
lakshmana,father,dasharatha,1
lakshmana,sibling,raama,1
lakshmana,sibling,shatrughna,1
lapitaa,spouse,mandapaala,1
likhita,sibling,Shankha3,2
likhita,sibling,shankha,2
lohitaaksha2,spouse,skanda,1
lomaharshana,child,sauti,2
lomapaada,child,shaantaa,1
lopaamudra,father,vaidarbha,1
lopaamudra,father,vaidarbhi,1
lopaamudraa,father,vaidarbha,2
lopaamudraa,father,vaidarbhi,2
lopaamudraa,father,vidarbharaaja2,1
lopaamudraa,spouse,agastya,1
maadhavi,father,yayaati,1
maadhavi,spouse,haryashva,3
maadravati,spouse,parikshit,2
maadri,child,rukmaratha,2
maadri,spouse,kunti,1
maalavi,spouse,ashvapati,1
maanada1,father,dhrishtadyumna,1
maandhaatri,child,purukutsa,2
maandhaatri,father,yuvanaashva,1
maandhaatri.b,spouse,Brihadratha6,2
maandhaatri.b,spouse,asita2,1
maarkandeya,spouse,dhumornaa,2
maarkandeya,spouse,krishna,1
maatali,child,gogomukha2,1
maatali,child,gomukha2,1
maatali,child,gunakeshi,3
maatali,spouse,Sudharmaa,1
maatali,spouse,sudharmaa,3
maatarishvan,spouse,Sukkanyaa,1
maatarishvan,spouse,j,1
maatarishvan,spouse,j.sukanyaa,1
maatsya,father,viraata,1
maavella,sibling,kushaamba,1
madayanti,spouse,kalmaashapaada,3
madayanti,spouse,"kalmaashapaada, saudaasa",1
madayanti,spouse,saudaasa,1
madayanti,spouse,vashishtha,2
madhu,spouse,kaitabha,2
madiraa,spouse,vasudeva,1
madiraaksha,sibling,viraata,1
madiraashva,father,dashaashva,1
madiraashva,sibling,viraata,2
mahaabaahu1,father,dhritaraashtra,1
mahaabhauma,father,ariha,2
mahaabhauma,mother,aangi,1
mahaabhisha,father,pratipa,1
mahaadeva,sibling,vritra,1
mahaadeva,spouse,paarvati,2
mahaadeva,spouse,vrishaanka,1
mahaadeva,spouse,vritra,1
mahabaahu1,father,dhritaraashtra,1
maharshi,father,prajaapati,1
maharshi mandapaala,spouse,jaritaa,1
maharshi manu,father,prajaapati,2
mahishmati,father,angiras,1
mahodara3,father,dhritaraashtra,2
mahya,sibling,vaayu,1
mainda,sibling,dvivida,1
mamataa,spouse,utathya,1
manari,spouse,raavana,1
manasyu,child,samhanana,2
mandaara,father,hiranyakashipu,2
mandapaala,child,drona2,2
mandapaala,child,jaritaari,1
mandapaala,child,saarisrikka,1
mandapaala,child,shaarngaka,1
mandapaala,spouse,jaritaa,7
mandapaala,spouse,lapitaa,1
mandapaala,spouse,shaarngikaa,2
mandapaala <subj>lapitaa,spouse,mandapaala,1
mandapala,spouse,jaritaa,2
mankanaka,child,j,4
mankanaka,child,vaayubala,1
mankanaka,child,vaayucakra,1
mankanaka,child,vaayuhan,1
mankanaka,child,vaayujvaala,1
mankanaka,child,vaayumandala,1
mankanaka,child,vaayuretas,1
mankanaka,child,vaayuvega3,1
mankanaka,child,vayubala,1
mankanaka,child,vayucakra,1
mankanaka,child,vayuhan,1
mankanaka,child,vayujvaala,1
mankanaka,child,vayuretas,1
mankanaka,child,vayuvega3,1
mantha,sibling,arani,1
manu,child,b,1
manu,child,prasandhi,1
manu caakshusha,child,varishtha2,2
manu svaarocisha,child,Shankhapada,2
manu vaivasvata,child,Narishyanta,1
manu vaivasvata,child,Sudyumna,1
manu vaivasvata,child,dashaashva,1
manu vaivasvata,child,dhrishnu1,1
manu vaivasvata,child,kaarusha1,2
manu vaivasvata,child,naabhaagaarishta,1
manu vaivasvata,child,narishyanta,1
manu vaivasvata,child,prasandhi,1
manu vaivasvata,child,purura,2
manu vaivasvata,child,pururavas,1
manu vaivasvata,child,sharyaati,1
manu vaivasvata,child,sudyumna,1
manu vaivasvata,father,prasandhi,1
marici,child,prajaapati,1
marici1,father,brahmaan,1
marutta,father,avikshit,1
marutta,father,avikshit bis,1
marutta,father,karandhama,1
marutta,father,marutta,1
matinaara,child,Druhyu2,1
matinaara,child,druhyu2,2
matsya,child,uttara,2
matsya,father,uparicara,1
matsya,sibling,satyavati,2
medhaavin,father,baaladhi,1
menakaa,spouse,ruru,2
menakaa,spouse,vishvaamitra,2
mitra,child,agastya1,1
mitra,spouse,varuna,1
mrigamandaa,father,krodhavashaa,1
mrityu,child,sunithaa,2
mudgala,father,naaraayana,1
mudgala,spouse,indrasenaa,1
mudgala <subj>indrasenaa,spouse,mudgala,1
muditaa,spouse,saha,1
muka,father,danu,2
muni,child,vaishi,1
muni,father,kaakshivat,1
muni1,father,ahar,1
muni2,father,kuru,2
murmilaa,spouse,yama,1
n,spouse,rambhaa,1
naaciketa,father,uddaalaki,1
naadijangha,father,kashyapa.b,1
naagadatta,father,dhritaraashtra,1
naaraayana,child,mudgala,1
naaraayana,child,virajas3,1
naaraayana <subj>virajas3,child,naaraayana,1
naarada,spouse,Satyavati,1
naarada,spouse,satyavati,2
nahusha,child,dhruva2,2
nahusha,child,samyaati1,2
nahusha,child,yati1,2
nahusha,child,yayaati,1
nahusha,father,brahmaan,3
nahushaaanushaasan,father,aayunaathaanaranyenakrishnason,1
nakula,mother,viraata,1
nakula,sibling,sahadeva,5
nakula,spouse,draupadi,1
nakula,spouse,viraata,1
nakula <subj>niramitra,child,nakula,1
nakula <subj>niramitra1,child,nakula,1
nakula paandava,father,cedi king,1
nakula paandava,spouse,draupadi,2
nakula paandava,spouse,karenumati,1
nala,father,nishadhas,1
nala,father,tvashtr,1
nala,father,virasena,1
nala,sibling,karnap,1
nala,sibling,khyaanaparvan,1
nala,sibling,nalopaa khyaanaparvan,1
nala,spouse,damayanti,4
nala <subj>virasena,father,,1
nala1,father,virasena,2
nala1,spouse,damayanti,2
nalakubara,father,kubera,3
nalopaa khyaanaparvan,sibling,nala,1
namuci,spouse,indra,1
nanda,spouse,yashodaa,1
nanda1,father,dhritaraashtra,2
nandaa,spouse,harsha,2
nandaka,father,dhritaraashtra,2
nandaka1,father,dhritaraashtra,2
nandana2,spouse,skanda,1
nandisena,spouse,skanda,1
navaka,father,bhadra shaakha,1
navatantu,mother,vishvaamitra,1
nila,mother,nilas,1
nilas,child,nila,2
nili,spouse,ajamidha,2
nimi,child,shrimat,1
nimi,child,shrimat1,2
nimi2,father,dattaatreya,1
nishaa,spouse,bhaanu,1
nishaa,spouse,fire bhaanu,1
nishaada,spouse,kaayavya,1
nishaadi,spouse,caandaala,2
nishaakara2,father,garuda,1
nishangin,father,dhritaraashtra,1
ogharatha,father,oghavat2,1
oghavat,child,oogharatha,1
oghavat2,child,ogharatha,1
oghavat2,child,oghavati,1
oghavat2,child,oogharatha,1
oghavat2,child,sudarshana,1
oghavati,spouse,sudarshana,1
paancaala,father,drupada,1
paancaala,sibling,uttamaujas,1
paandava,child,arjuna,1
paandava,child,sahadeva,1
paandava,spouse,draupadi,1
paandava,spouse,hidimbaa,1
paandava,spouse,sahadeva,1
paandavas,father,vicitravirya,1
paandavas,spouse,draupadi,2
paandu,child,Kurunandana,1
paandu,child,ajaatashatru,1
paandu,child,bhimasena,1
paandu,child,kauravanandana,2
paandu,child,kurunandana,1
paandu,child,nakula,2
paandu,spouse,draupadi,1
paandu,spouse,kunti,1
paandu2,father,elder janamejaya,1
paarvati,spouse,mahaadeva,1
paashin,father,dhritaraashtra,1
padaati,father,janamejaya,1
padmanaabha,father,dhritaraashtra,1
padmanaabha2,father,dhritaraashtra,1
paila,father,brahman,1
paila,father,vasu3,1
pandita,father,dhritaraashtra,1
pandita1,father,dhritaraashtra,2
paraashara,child,vyaasa,2
paraashara,father,vaasishtha,1
paraashara,father,vasishtha,1
paraashara,spouse,satyavati,2
paraavasu,father,raibhya,1
paraavasu,sibling,arvaavasu,3
paraavasu bharadvaaja,father,raibhya,1
paraavasu bharadvaaja,sibling,arvaavasu,2
parameshthin5,father,ajamidha,1
parashuraama,sibling,indra,1
parashuraama,spouse,daasharathi,1
parikshit,child,bhimasena,2
parikshit,child,citrasena2,2
parikshit,child,indrasena1,2
parikshit,child,janamejaya,3
parikshit,child,saramaa,1
parikshit,child,shrutasena,2
parikshit,child,sushena3,1
parikshit,child,sushobhanaa,2
parikshit,child,ugrasena,2
parikshit,father,abhimanyu,1
parikshit,father,anashvan,2
parikshit,father,avikshit,1
parikshit,father,viraata,1
parikshit,spouse,Maadravati,1
parikshit,spouse,maadravati,3
parikshit,spouse,sushobhanaa,2
parikshit2,father,avikshit,1
paushya,father,janamejaya,1
paushya,sibling,janamejaya,1
payasya,father,angiras,2
praacinvat,child,samyaati,2
praadhaa,child,Asuraa,1
praadhaa,child,asuraa,1
praadhaa,child,praadhaa,1
praadhaa,child,vamshaa,1
praadhaa,spouse,kashyapa,3
praakshringavat,father,kuni garga,1
praapti,spouse,shama,1
praapti1,spouse,shama,1
praatipa,sibling,bharatasattama,1
prabhaavati,spouse,surya,1
pradhaa,child,maarganapriya,1
pradhaa,child,maarganapriyaa,1
pradhaana,child,sulabhaa,1
pradveshi,spouse,dirghatama,1
pradyumna,father,krishna,2
pradyumna,father,vishnu,1
prajaapati,child,devasenaa,5
prajaapati,child,maharshi,1
prajaapati,child,maharshi manu,1
prajaapati,father,marici,1
prajaapati,spouse,shaandili,1
prajaapati2,child,ahar,1
prajaapati2,child,vasu ahar,2
pramaatha1,spouse,skanda,2
pramaathin,sibling,dushana,2
pramaathin1,father,dhritarashtra,1
pramadvaraa,spouse,ruru,1
pramatha,father,dhritaraashtra,2
pramati,spouse,apsara,1
pramati,spouse,apsaras,1
prasandhi,child,manu vaivasvata,1
prasandhi,father,manu vaivasvata,1
prasenajit,child,suyajnaa,2
pratardana,father,divodaasa,1
pratardana,sibling,vasumanas,3
pratardana1,father,divodaasa,1
praticyaa,spouse,pulastya,1
pratipa,child,Devaapi,1
pratipa,child,devaapi,2
pratipa,child,mahaabhisha,2
pratipa,spouse,sunandaa,2
pravasu,father,ilina,1
pravira,father,puru,1
prithaa,child,karna,2
prithaa,father,kuntibhoja,1
prithushravas,child,ayutanaayin,2
priyaa,spouse,adbhuta,1
priyaa,spouse,fire adbhuta,1
pulaha,father,brahmaan,1
pulastya,father,brahmaan,1
pulastya,spouse,praticyaa,2
pulomaa,spouse,bhrigu,3
pulomaa,spouse,raakshasa puloman,1
puloman,child,jayanta,1
puru,child,ishvara7,1
puru,child,janamejaya6,2
puru,child,pravira,2
puru,child,puru,1
puru,child,shishvara7,1
puru,father,yayaati,1
puru,sibling,yadu,1
puru,spouse,kausalyaa,3
puru,spouse,paushti,1
puru,spouse,puru,1
puru1,father,yayaati,2
purukutsa,father,maandhaatri,1
purumitra,father,dhritaraashtra,1
purura,father,manu vaivasvata,1
purura,spouse,apsara,1
purura,spouse,apsaras,1
pururavas,child,shataayus1,2
pururavas,father,manu vaivasvata,1
pururavas,spouse,apsaras,1
pururavas,spouse,urvashi,4
pururavasaanushaasanik,mother,ilaa,2
purus,child,janamejaya,2
pushedkaradhaarini,spouse,satya,1
pushkara3,father,varuna,1
pushkaradhaarini,spouse,satya,1
pushkarini,spouse,bhumanyu,2
r ri pradhaana,child,sulabhaa,1
raadhaa,child,karna,2
raahu,sibling,soma,1
raakshasa,father,vishra,1
raakshasa,father,vishravas,2
raakshasa,spouse,duryodhana,1
raakshasa puloman,spouse,pulomaa,1
raama,father,dasharatha,6
raama,mother,sumitraa,1
raama,sibling,kaama,1
raama,sibling,krishna,2
raama,sibling,lakshmana,1
raama1,father,dasharatha,1
raavana,child,raavanaatmaja,2
raavana,father,vishravas,2
raavana,sibling,kubera,2
raavana,sibling,vibhishana2,1
raavana,spouse,Manari,1
raavana,spouse,manari,2
raavanaatmaja,father,raavana,2
raibhya,child,arvaavasu,3
raibhya,child,dishaam paalaaya,2
raibhya,child,kukshi2,1
raibhya,child,paraavasu,1
raibhya,child,paraavasu bharadvaaja,1
rakmini,spouse,krishna,2
rambhaa,spouse,n,1
ratha,father,surya,1
rathantari,spouse,ilina,1
rati1,spouse,kaama,1
raudraashva,child,jaleyu,2
raudraashva,child,krikaneyu,2
raudraashva,child,sannateyu,2
raudraashva,child,tejeyu,1
raudraashva,child,tesjeyu,1
ravi3,father,dhritaraashtra,1
revati,spouse,balaraama,1
ri,sibling,taaraka,1
ricika,child,satyavati,1
ricika,child,shunashepha,2
ricika,father,gaadhi,1
ricika,mother,aarushi,1
ricika,spouse,gaadhi,1
ricika,spouse,satyavati,1
riddhi,spouse,kubera,1
riddhi,spouse,kubera.b,1
riksha,child,kuru,1
riksha,child,vasishtha,1
rikshas,child,samvarana,1
rinukaa,spouse,jamadagni,1
rishi,child,krisha1,1
rishi,father,brahmaan,1
rishi <subj>krisha1,child,rishi,1
rishyashringa,father,vibhaandaka,1
riya,spouse,ajamidha,1
rocamaana,child,hemavarna2,1
rocamaana,sibling,ashva,1
rocamaana,sibling,ashvagriva1,1
rocamaana <subj>hemavarna2,child,rocamaana,1
rohini,father,hiranyakashipu,1
rohini,sibling,abhijit,1
rohini,spouse,vasudeva,1
ruci,spouse,devasharaman,1
ruci1,mother,vishvaamitra,1
ruci3,spouse,devasharman,1
ruciparvan,mother,kriti,1
rudra,father,sthaanu,1
rudra,spouse,devi,2
rufra4,father,shukra,1
rugra1,father,dhritaraashtra,1
rugrasena4,father,dhritaraashtra,1
ruhrashravas2,father,dhritaraashtra,1
rujayaayin,father,dhritaraashtra,1
rukmaratha,father,shalya,1
rukmaratha,mother,maadri,1
rukmaratha1,father,shalya,1
rukmin,father,bhishmaka,1
rukmin,sibling,rukmini,1
rukmin,spouse,krishna,2
rukmini,father,bhishmaka,3
rukmini,father,vasudeva,1
rukmini,sibling,rukmin,1
rukmini,spouse,krishna,14
rumanvat,father,jamadagni,2
rupina,father,ajamidha,1
ruru,father,pramati,1
ruru,father,rishi,1
ruru,spouse,menakaa,2
ruru,spouse,pramadvaraa,1
saahadeva,child,saahadevi,1
saahadevi,father,sahadeva,2
saalanghaayana,mother,vishvaamitra,1
saanaatana2,father,brahmaan,1
saankriti,child,saankritya,2
saankriti,spouse,sankriti,1
saankritya,father,saankriti,1
saarana,father,vasudeva,1
saarana,sibling,krishna,1
saarasvata,mother,sarasvati,2
saarisrikka,father,mandapaala,1
saarvabhauma,father,saaryaati,1
saarvabhauma,father,samyaati,1
saatraajiti,spouse,satraajit,1
saatraajiti,spouse,satyabhaamaa,2
saatyaki,child,saatyudhaani,1
saatyaki,child,yauyudhaani,1
saatyaki,father,satyaka,2
saatyaki,father,vrishni,1
saatyaki,mother,shini,1
saatyaki,sibling,bhimasena,1
saatyaki.e,father,satyaka,1
saavitri,sibling,tapati,1
saavitri,spouse,brahmaan,2
saavitri,spouse,satyavat,1
saavitri,spouse,satyavat1,3
sacuaru2,father,dhritaraashtra,1
sada,father,dhritaraashtra,2
sagara,child,amshumat2,2
sagara,child,bhagiratha,1
sagara,spouse,sahibyaa,1
sagara,spouse,shaibyaa,2
sagara,spouse,vaidarbhi,2
saha,spouse,muditaa,2
saha1,father,dhritaraashtra,2
sahadeva,child,saahadevi,2
sahadeva,child,sahadevaatmaja,1
sahadeva,child,sahadevaja,2
sahadeva,father,duryodhana,2
sahadeva,father,jaraasandha,1
sahadeva,father,paandava,1
sahadeva,mother,viraata,1
sahadeva,sibling,arjuna,1
sahadeva,sibling,bhimasena,2
sahadeva,sibling,krishnaa,1
sahadeva,sibling,nakula,4
sahadeva,spouse,draupad,1
sahadeva,spouse,draupadi,4
sahadeva,spouse,duryodhana,1
sahadeva,spouse,paandava,1
sahadeva,spouse,viraata,2
sahadeva paandava,child,suhotra2,1
sahadeva2,father,jaraasandha,1
sahadevaatmaja,father,sahadeva,1
sahadevaja,father,sahadeva,1
sahasracitya1,father,sahasrajit1,1
sahasravaac,father,dhritaraashtra,2
sahibyaa,spouse,krishna,1
sahibyaa,spouse,sagara,1
saindhavaayana,father,vishvaamitra,1
saindhavaayana,mother,vishvaamitra,1
sajaata,father,dhritaraashtra,1
sama1,father,dhritaraashtra,1
samaana,child,udaana,2
samaana,child,vyaana,1
samhanana,father,manasyu,1
sampaati,sibling,jataayu,3
sampaati1,sibling,jataayus,1
samudrasena,child,candrasena1,2
samvarana,child,kuru1,1
samvarana,father,rikshas,1
samvarana,father,surya,1
samvarana,spouse,tapati,1
samvarta,father,avikshit,1
samyaati,father,drishadvat,2
samyaati,father,praacinvat,1
samyaati,spouse,varaangi,1
samyaati1,father,nahusha,1
sanaka,father,brahmaan,2
sanandana,father,brahmaan,2
sanatkumaara,father,brahmaan,2
sangraamajit2,sibling,karna,1
sangraha1,spouse,skanda,1
sanjaya,father,vyaasa,1
sanjaya,mother,vidulaa,2
sanjaya1,father,gavalgana,1
sanjaya4,father,vidulaa,1
sankrama,spouse,skanda,2
sankriti,spouse,saankriti,1
sannateyu,father,raudraashva,1
saptaraava,father,garuda,1
sarasvati,child,apaantaratama,2
sarasvati,child,saarasvata,1
sarasvati,child,sarasvati,1
sarasvati,spouse,brahmaan,2
sarvabhauma,spouse,sunandaa,2
sarvabhauma,spouse,sunandaa kaikeyi,2
sarvasena,child,sunandaa,1
sarvasena,spouse,bharata,3
satraajit,child,satyabhaamaa,1
sattva,father,dhritaraashtra,1
satya,spouse,pushedkaradhaarini,1
satya,spouse,pushkaradhaarini,1
satyaa,spouse,fire shamyu,1
satyaa,spouse,shamyu,1
satyabhaamaa,father,satraajit,1
satyabhaamaa,spouse,krishna vaasudeva,2
satyabhaamaa,spouse,saatraajiti,1
satyabhaamaa saatraajiti,spouse,krishna,1
satyajit,sibling,arjuna,1
satyaka,child,saatyaki,1
satyaka,child,saatyaki.e,1
satyaka,child,yuyudhaana,1
satyaka,mother,shini,1
satyaka,spouse,shini,1
satyasandha,father,dhritaraashtra,1
satyasandha1,father,dhritaraashtra,1
satyasandha4,father,karna,1
satyasandha5,spouse,skanda,2
satyasena2,father,karna,1
satyavat,father,ashvapati,2
satyavat,father,dyumatsena,3
satyavat,father,shaibyaa,1
satyavat,spouse,saavitri,1
satyavat1,mother,dyumatsena,1
satyavat1,spouse,saavitri,2
satyavati,child,vicitravirya,2
satyavati,father,gaadhi,1
satyavati,mother,ricika,1
satyavati,mother,ricika bhaargava,1
satyavati,sibling,matsya,2
satyavati,sibling,vishvaamitra,1
satyavati,spouse,naarada,1
satyavati,spouse,paraashara,1
satyavati,spouse,ricika,1
satyavati,spouse,shaantanu,4
satyavati samvaada,spouse,bhishma,1
satyavrata,father,dhritaraashtra,1
satyavrata2,father,dhritaraashtra,2
saubala,sibling,duryodhana,3
saubala,sibling,dushaasana,2
saubala,sibling,karna,1
saudaasa,spouse,madayanti,1
saum1,father,dhritaraashtra,1
sauti,father,lomaharshana,3
savana,father,bhrigu,1
senaani,father,dhritaraashtra,2
senaapati,father,dhritaraashtra,1
senaapati1,father,dhritaraashtra,2
serpents,mother,surasaa,1
shaakuni,child,kaitavya,2
shaalva,father,damaghosha,1
shaalva,sibling,shishupaala,1
shaamba,father,krishna,1
shaamba,spouse,babhru,1
shaandili,spouse,prajaapati,1
shaantaa,father,lomapaada,1
shaantaa,father,vibhaandaka,1
shaantaa.d,father,lomapaada,1
shaantanava3,father,shaantanu,2
shaantanu,child,kripa,2
shaantanu,child,shaantanava3,2
shaantanu,spouse,Gangaa,1
shaantanu,spouse,gangaa,2
shaantanu,spouse,satyavati,4
shaanti3,father,angiras,1
shaaradandaayani,child,durjaya2,3
shaarngaka,father,mandapaala,1
shaarngikaa,spouse,mandapaala,2
shaci,spouse,indra,1
shaibya,child,shaibya vrishaadarbhi,2
shaibya vrishaadarbhi,father,shaibya,1
shaibya5,spouse,krishna,2
shaibyaa,child,asa manjas,2
shaibyaa,child,satyavat,2
shaibyaa,mother,vaidarbhi,1
shaibyaa,spouse,dyumatsena,2
shaibyaa,spouse,krishna,1
shaibyaa,spouse,sagara,2
shaibyaa,spouse,vaidarbhi,1
shakradeva,father,kalinga king,1
shakti,father,varuna,1
shaktri,father,vasishtha,1
shakuni,child,kaitavya,1
shakuni,child,shakuniputra,1
shakuni,father,Carmavat,1
shakuni,father,dhritaarashtra,2
shakuni,father,subala,4
shakuni,father,subala2,1
shakuni,sibling,Carmavat,1
shakuni,sibling,acala,3
shakuni,sibling,carmavat,1
shakuni,sibling,dhritaraashtra,1
shakuni,sibling,duryodhana,2
shakuni,sibling,dushaasana,1
shakuni,sibling,gaandhaari,1
shakuni,sibling,gavaaksha2,1
shakuni,sibling,karna,2
shakuni,sibling,sharabha,1
shakuni,sibling,sharabha6,2
shakuni,sibling,subhaga,2
shakuni,sibling,vrishabha2,1
shakuni,spouse,dhritaarashtra,1
shakuni,spouse,karna,1
shakuni <subj>vrishabha2,sibling,shakuni,1
shakuni v. b.,sibling,subhaga,1
shakuniputra,father,shakuni,2
shakunta,father,vishvaamitra,1
shakuntalaa,father,vishvaamitra,1
shakuntalaa,mother,vishvaamitra,1
shakuntalaa,spouse,dushyanta,2
shakuntalaa,spouse,dushyanta1,2
shala2,father,dhritaraashtra,2
shalya,child,rukmaratha,1
shalya,child,rukmaratha1,1
shalya <subj>rukmaratha1,child,shalya,1
shama,spouse,praapti,1
shama,spouse,praapti1,2
shambhu7,father,krishna,1
shamika,child,shringin1,3
shamyu,spouse,satyaa,1
shanda,father,dhritaraashtra,2
shankha,sibling,likhita,2
shankhapada,child,suvarnaabha,2
shankhapada,father,brahmaan,2
sharaasana,father,dhritaraashtra,2
sharabha,sibling,shakuni,1
sharabha6,sibling,shakuni,1
sharadvat,child,kripa,1
sharadvat,child,kripi,1
sharmishthaa,spouse,yayaati,1
sharyaati,child,cyavana,2
sharyaati,child,sharyaatitanayaa,1
sharyaati,child,sukanyaa,2
sharyaati,father,vaivasvata,1
sharyaati,spouse,sukanyaa,1
sharyaatitanayaa,father,sharyaati,1
shashabindu.b,child,shashabindu3,1
shashabindu1,father,citraratha,1
shashabindu1,father,citraratha bis,1
shashabindu1,father,citraratha bis.,1
shataanika2,spouse,vaidehi,1
shataanika2,spouse,vaiyehi,1
shataayus1,father,pururavas,1
shataparvaa,spouse,shukra,1
shatrughna,father,dasharatha,1
shatrughna,sibling,lakshmana,1
shatrughna1,father,dasharatha,1
shatrunjaya,father,dhritaraashtra,1
shatrunjaya2,father,dhritaraashtra,1
shatrunjaya3,sibling,karna,1
shatrunjaya5,father,drupada,2
shatrusaha,father,dhritaraashtra,2
shibi,child,b,1
shibi,child,gopati5,1
shikhandin,child,kshatradeva,1
shikhandin,sibling,dhrishtadyumna,1
shikhandin,sibling,draupadi,1
shilaayupa,father,vishvaamitra,1
shilaayupa,mother,vishvaamitra,1
shini,child,satyaka,1
shini,child,shaineya2,1
shini,spouse,satyaka,1
shirshin,mother,vishvaamitra,1
shishu,mother,Palaalaa,1
shishu,mother,kaaki,1
shishu,mother,kaiaki,1
shishu,mother,maalini,1
shishu,mother,mama.maalini,1
shishu,mother,palaalaa,2
shishupaala,child,dhrishtaketu2,2
shishupaala,child,shishupaalasuta,2
shishupaala,child,suketu2,2
shishupaala,father,damaghosha,4
shishupaala,sibling,shaalva,1
shishupaala,spouse,shishupaalasuta,1
shishupaalasuta,father,shishupaala,1
shishupaalasuta,spouse,shishupaala,1
shiva,father,adhyaatma,1
shiva,father,brahmaan,1
shiva,spouse,umaa,1
shiva,spouse,vishnu,1
shivaa,spouse,angiras,1
shivaa,spouse,anila,1
shivaa,spouse,vasu anila,1
shivabhrigu,child,umaa,2
shri,spouse,adharma,1
shrimat,father,nimi,1
shrimat1,father,nimi,1
shringin,father,shamika1,1
shringin1,father,shamika,1
shringin1,mother,shamika,1
shrutaanta,father,dhritaraashtra,2
shrutaayus1,sibling,acyutaayus,1
shrutaayus3,sibling,acyutaayus,1
shrutakarman,father,sahadeva,1
shrutakarman3,father,dhritaraashtra,1
shrutarvan2,father,dhritaraashtra,1
shrutasena,father,parikshit,2
shrutasena,sibling,bhimasena,2
shrutasena,sibling,janamejaya,3
shrutasena,sibling,ugrasena,3
shrutasena1,sibling,janamejaya paarikshita,1
shubhaangi,spouse,kuru,4
shubhakarman,spouse,skanda,2
shuci1,father,bhrigu,2
shuci8,father,vicvaamitra,1
shuci8,mother,vicvaamitra,1
shudra pashusakha,spouse,gandaa,1
shuka1,father,vyaasa,1
shukra,child,karmin,2
shukra,child,rufra4,1
shukra,child,tvashtaadhara,2
shukra,spouse,shataparvaa,2
shukra <subj>raudra4,child,shukra,1
shunashepha,father,ricika,1
shura3,father,ilina,1
shyaamaayana,father,vishvaamitra,1
shyaamaayana,mother,vishvaamitra,1
simhikaa,father,daksha,1
skanda,child,vishaakha1,1
skanda,father,prajaapati,1
skanda,spouse,Kumuda6,1
skanda,spouse,anucakra,1
skanda,spouse,cakra2,1
skanda,spouse,dahana3,1
skanda,spouse,dahati,1
skanda,spouse,devasenaa,2
skanda,spouse,ghantakarna,2
skanda,spouse,jvaalaajihva,1
skanda,spouse,kaama3,1
skanda,spouse,kumuda6,1
skanda,spouse,kumudamaalin,1
skanda,spouse,lohitaaksha2,2
skanda,spouse,meghamaalin,1
skanda,spouse,nandana2,1
skanda,spouse,nandisena,1
skanda,spouse,pramaatha1,2
skanda,spouse,sangraha1,1
skanda,spouse,sankrama,1
skanda,spouse,satyasandha5,1
skanda,spouse,shubhakarman,2
skanda,spouse,subhraaja,2
skanda,spouse,suvarcas7,1
skanda,spouse,ukrosha,1
skanda,spouse,unmaada1,1
skanda,spouse,unmaatha,1
skanda,spouse,vigraha,2
skanda,spouse,vishnu,1
skanda,spouse,yama2,1
solaraaman2,sibling,kamsa,1
soma,child,bhadraa,1
soma,child,varcas,1
soma,child,varcas1,1
soma,father,daksha,1
soma,sibling,raahu,1
soma,sibling,surya,1
soma,spouse,daksha,4
soma. cf. somaputri,child,jyotsnaakaali,1
soma. cf. somaputri,child,soma. cf. somaputri,2
soma. cf. somaputri,father,soma. cf. soma. cf. somaputri,1
soma.varcas1,child,soma.varcas1,1
soma.varcas1,father,soma.varcas1,2
somadatta,child,bhuri,2
somadatta,child,bhurishravas,1
somadatta,child,somadattas son,2
somadatta,sibling,bhima,1
somadatta,sibling,karna,1
somadattas son,father,somadatta,1
somadattas son,mother,somadatta,1
somaka,child,jantu,8
somakirti,father,dhritaraashtra,1
son,father,brahmadatta,1
srinjaya,child,kaancanashthivin,2
srinjaya,child,kumarari,1
srinjaya,child,srinjaya,1
srinjaya,child,sukumaari,4
srinjaya,child,suvarnashthivin,1
srinjaya <subj>.naarada,spouse,srinjaya,1
sthaanu,child,rudra,1
subaahu,father,dhritaraashtra,1
subaahu4,father,dhritaraashtra,2
subala,child,acala,3
subala,child,dhritaraashtra,1
subala,child,duryodhana,2
subala,child,gavaaksha2,1
subala,child,shakuni,5
subala,father,dhritaraashtra,1
subala,sibling,dhritaraashtra,1
subala,spouse,dhritaraashtra,1
subhaa,spouse,angira,1
subhaa,spouse,angiras,2
subhadraa,father,vasudeva,2
subhaga,sibling,shakuni,1
subhaga,sibling,shakuni v. b.,1
subhraaj,child,dashajyotis,2
subhraaja,spouse,skanda,2
sucaaru1,father,krishna,1
sucaaru2,father,dhritaraashtra,2
sucetas,child,varcas3,2
sucetas,father,gritsamada,1
sucitra,child,citravarman4,3
sudarcanaa,spouse,agni,2
sudarsha2,father,dhritaraashtra,1
sudarshana,father,oghavat2,1
sudarshana,spouse,oghavati,1
sudeshnaa,child,uttara,1
sudeshnaa,spouse,viraata,1
sudeva,child,divodaasa,4
sudeva,spouse,bhimasena,1
sudhanvan,father,aangirasa,1
sudharmaa,child,gunakeshi,1
sudharmaa,spouse,maatali,3
sugriva,father,vaayu,4
sugriva,sibling,lakshmana,1
sugriva,sibling,vaali,1
sugriva,sibling,vaalin2,1
suhasta,father,dhritaraashtra,2
suhavis,father,bhumanyu,1
suhotra,child,Hastin2,2
suhotra,child,ajamidha,2
suhotra,child,hastin2,1
suhotra,father,bhumanyu,1
suhotra1,father,bhumanyu,1
suhotri,father,bhumanyu,1
sujaata,father,dhritaraashtra,1
sukanyaa,father,sharyaati,1
sukanyaa,spouse,sharyaati,1
suketu,child,sunaaman1,2
suketu2,father,shishupaala,1
suketu3,father,citraketu,1
sukshatra,father,kosala,1
sukshatra,father,kosala king,1
sukumaari,father,srinjaya,1
sukumaari,mother,srinjaya,1
sukundala,father,dhritaraashtra,1
sulabhaa,father,pradhaana,1
sulabhaa,father,r ri pradhaana,1
sularsha2,father,dhritaraashtra,1
sulocana,father,dhritaraashtra,1
sulocana1,father,dhritaraashtra,1
sumitraa,child,raama,1
sumitraa,spouse,dasharatha,4
sumukha4,father,dhritaraashtra,1
sunaabha,father,dhritaraashtra,1
sunaabha1,father,dhritaraashtra,2
sunaaman1,father,suketu,2
sunaaman2,sibling,kamsa,1
sunaaman3,father,garuda,1
sunandaa,spouse,pratipa,2
sunandaa,spouse,sarvabhauma,1
sunandaa kaikeyi,spouse,sarvabhauma,2
sunda,sibling,asura,1
sunda,sibling,upasunda,1
sunda,spouse,tilottamaa,1
sunitha5,father,krishna,1
sunithaa,father,mrityu,1
supaarshva2,father,dhritaraashtra,1
suparna,father,garuda,58
suprajaa,spouse,fire bhaanu,1
supratika,sibling,vibhaavasu1,1
supratika3,sibling,vibhaavasu,3
surabhi,child,hamsikaa,1
surabhi,child,vimala,1
surabhi,child,vimalaa,2
surakrit,father,vishvaamitra,1
suratha3,child,kotikaasya,1
suratha6,father,drupada,2
suratha8,father,jayadratha,2
surya,child,samvarana,2
surya,child,saturn,1
surya,child,tapati,1
surya,child,vaikartana karna,1
surya,sibling,garuda,1
surya,sibling,soma,1
surya,spouse,kunti,1
surya,spouse,prabhaavati,2
surya.b,spouse,suvarcalaa,2
suryanetra,father,garuda,1
sushena,father,dhritaraashtra,1
sushena2,father,dhritaraashtra,2
sushena3,father,elder parikshit,1
sushena5,father,jamadagni,1
sushobhanaa,father,aayu,1
sushobhanaa,father,parikshit,1
sushobhanaa,spouse,parikshit,2
sushruta,mother,vishvaamitra,1
suta3,father,vishvaamitra,1
suta3,mother,vishvaamitra,1
sutanu,father,aahuka,1
sutanu,mother,aahuka,1
sutasoma,father,bhimasena,1
suti,father,vishvaamitra,1
suvarcalaa,spouse,surya.b,1
suvarcas,child,kaarandhama,2
suvarcas,father,vivimsha,2
suvarcas1,father,dhritaraashtra,1
suvarcas7,spouse,skanda,1
suvarman,father,dhritaraashtra,1
suvarman1,father,dhritaraashtra,1
suvarnaabha,father,shankhapada,2
suvarnashthivin,child,suvarnashthivin,1
suvarnashthivin,father,naarada,3
suvarnashthivin,father,srinjaya,2
suvarnashthivin,father,srinjaya3,1
suyaarambhap,spouse,varunaraaja,1
suyajnaa,father,prasenajit,1
suyajus,father,bhumanyu,1
svarbhaanavi,spouse,aayus,4
taamraa,spouse,kashyapa,1
taaraa,spouse,brihaspati,3
taaraa,spouse,vaalin,1
taaraka,child,taaraka 1,1
taaraka,child,taaraka1,2
taaraka,sibling,ri,1
taaraka 1,father,taaraka,1
taaraka1,father,taaraka,1
taarakaaksha,child,asura,1
taisraa,spouse,kashyapa,1
takshaka,child,jvaala,1
takshaka,child,jvaalaa,2
tapati,father,surya,1
tapati,sibling,saavitri,1
tapati,spouse,samvarana,1
tilottamaa,spouse,sunda,1
tirtha.do,spouse,brahmaan,1
tittiri3,sibling,vaishampaayana.c,1
trita,sibling,dvita,4
trita,sibling,ekata,3
tuhunda2,father,dhritaraashtra,2
tvashtaadhara,father,shukra,2
tvashtr,child,nala,1
tvashtri,child,tvashtri,1
tvashtri,child,vishvarupa,2
uanyaayin,father,dhritaraashtra,1
uccaishravas2,father,avikshit,2
udaana,child,vyaana,1
udaana,father,samaana,2
uddaalaki,child,naaciketa,1
ugra,father,dhritaraashtra,1
ugra1,father,dhritaraashtra,1
ugra3,father,kavi,1
ugraashravas2,father,dhritaraashtra,1
ugraayaayin,father,dhritaraashtra,1
ugraayin,father,dhritaraashtra,1
ugraayudha,father,dhritaraashtra,1
ugraayudha1,father,dhritaraashtra,1
ugrahravas2,father,dhritaraashtra,1
ugrapsena4,father,dhritaraashtra,1
ugrasena,child,kamsa,1
ugrasena,sibling,bhimasena,1
ugrasena,sibling,janamejaya,1
ugrasena,sibling,shrutasena,1
ugrasena1,sibling,janamejaya,1
ujayana,mother,vishvaamitra,1
ukrosha,spouse,skanda,2
umaa,father,shivabhrigu,2
umaa,spouse,gauri,1
umaa,spouse,himavat,1
umaa,spouse,shiva,1
umayaayin,father,dhritaraashtra,1
unayaayin,father,dhritaraashtra,1
unmaada1,spouse,skanda,1
upacitra,father,dhritaraashtra,2
upagahana,father,vishvaamitra,1
upananda2,father,dhritaraashtra,2
upanandaka,father,dhritaraashtra,1
upanandaka1,father,dhritaraashtra,2
uparicara,child,matsya,2
uparicara,spouse,vasu,1
upasunda,sibling,sunda,2
upayaaja,sibling,drupada,1
upayaaja,sibling,yaaja,3
uranaabha,father,dhritaraashtra,1
uranabha,father,dhritaraashtra,1
urgraayudha1,father,dhritaraashtra,1
urmilaa,spouse,yama,1
urvashi,child,aayus,3
urvashi,spouse,pururavas,4
utathya,sibling,brihaspati,3
utathya,spouse,Mamataa,1
utathya,spouse,mamataa,2
uttamaujas,sibling,paancaala,1
uttara,father,matsya,1
uttara,father,viraata,2
uttara,mother,matsya,1
uttara,mother,sudeshnaa,1
uttaraa,father,viraata,2
uttaraa,spouse,abhimanyu,3
uttaraa,spouse,arjuna,1
vaahini,spouse,kuru,2
vaali,sibling,baka,1
vaali,sibling,sugriva,1
vaalin,spouse,taaraa,2
vaalin2,sibling,sugriva,1
vaasaati1,father,janamejaya,1
vaasuki,sibling,jaratkaaru2,1
vaasuki,spouse,jaratkaaru,2
vaataapi,sibling,asura,1
vaataapi,sibling,ilvala,1
vaataapi.ilvala,sibling,daiteya ilvala,1
vaatavega1,father,dhritaraashtra,1
vaayu,child,hanumat,2
vaayu,child,sugriva,3
vaayu,sibling,mahya,1
vaayuvega,father,dhritaraashtra,1
vaayuvega2,father,dhritaraashtra,1
vadaanya,child,Suprabhaa,1
vadaanya,child,suprabhaa,1
vahini,spouse,kuru,1
vaidarbha,child,lopaamudraa,1
vaidarbhi,child,agastya,1
vaidarbhi,child,lopaamudraa,1
vaidarbhi,child,shaibyaa,1
vaidarbhi,spouse,sagara,2
vaidarbhi,spouse,shaibyaa,2
vaikartana karna,father,surya,1
vainateya2,father,garuda,1
vairaata,father,dhritaraashtra,2
vaishampaayana,spouse,yudhishthira,1
vaishampaayana.c,sibling,tittiri3,1
vaishvaamitra,child,caampeya,1
vaishvaamitra,child,uaapekshin,1
vaishvaamitri,sibling,ashtaka,1
vaivasvata,child,dhrishnu1,1
vaivasvata,child,sharyaati,1
vajra1,mother,vishvaamitra,1
vakshogriva,father,vishvaamitra,1
vakshogriva,mother,vishvaamitra,1
valgujangha,father,vishvaamitra,1
valgujangha,mother,vishvaamitra,1
vanaayus,sibling,aayus,1
vandi,father,varuna,1
vapushtamaa,spouse,janamejaya paarikshita,1
varaangi,spouse,samyaati,1
varcas,child,Saubhara,1
varcas,child,saubhara,1
varcas,father,soma,1
varcas1...do,child,varcasvin1,1
varcas3,father,sucetas,2
varcasvin1,father,varcas1...do,1
vardi3,father,dhritaraashtra,1
varishtha2,father,manu caakshusha,2
varuna,child,brahmarshi,1
varuna,child,jitavati,1
varuna,child,pushkara3,2
varuna,child,shakti,1
varuna,child,vandi,1
varuna,sibling,indra,1
varuna,spouse,Devi,2
varuna,spouse,bhadraa,1
varuna,spouse,devi,1
varuna,spouse,mitra,1
varuna <subj>pushkara3,child,varuna,1
varuna.,sibling,indra.,1
varuna.b,spouse,gauri,2
varuna.b.,spouse,gauri,1
varunaraaja,spouse,suyaarambhap,1
vasaati1,father,janamejaya,1
vashishtha,spouse,madayanti,2
vasishtha,child,paraashara,1
vasishtha,child,shaktri,1
vasishtha,father,ashmaka,2
vasishtha,father,riksha,1
vasishtha,spouse,arundhati,1
vasu,child,vyaasa,2
vasu,spouse,adrikaa,1
vasu,spouse,anila,1
vasu,spouse,uparicara,1
vasu ahar,father,prajaapati2,1
vasu anila,spouse,shivaa,1
vasu dhara,child,dravina,1
vasu dyaus,spouse,vasu,1
vasu uparicara,child,kushaamba,2
vasu uparicara,spouse,Girikaa,1
vasu uparicara,spouse,girikaa,1
vasu2,sibling,dushyanta,1
vasu4,father,jamadagni,2
vasudeva,child,krishna,4
vasudeva,child,rukmini,1
vasudeva,child,saarana,1
vasudeva,child,subhadraa,2
vasudeva,child,vrishni,1
vasudeva,sibling,kunti,2
vasudeva,spouse,devaki,2
vasudeva,spouse,madiraa,2
vasudeva,spouse,rohini,2
vasumanas,sibling,pratardana,3
vasumanas,sibling,vasumanas,2
vasumat5,father,janaka,1
vasus,father,Prajaapati2,1
vasus,father,pajaapati2,1
vasus,father,prajaapati2,1
vatavega1,father,dhritaraashtra,1
vatsa,child,hahaihaya,1
vatsa,child,hahaihaya1,1
vatsa,child,vitahavya,1
veda,spouse,brahmaan,1
vibhaandaka,child,kaashyapa,1
vibhaandaka,child,shaantaa,1
vibhaandaka,father,kaashyapa,1
vibhaavasu,sibling,supratika3,3
vibhaavasu1,sibling,supratika,1
vibhishana,sibling,avindhya,1
vibhishana2,sibling,kubera,1
vibhishana2,sibling,raavana,1
vibhu2,father,bhrigu,2
vibhuti,father,vishvaamitra,1
vibhuti,mother,vishvaamitra,1
vicitra,spouse,king,1
vicitravirya,child,dvaipaayana,1
vicitravirya,mother,satyavati,2
vicitravirya,sibling,bhishma,1
vicitravirya,spouse,saubha,1
vicitravirya,spouse,vyaasa,1
vicvaamitra,child,shuci8,3
vidarbha,spouse,agastya,2
vidulaa,child,sanjaya,2
vidulaa,child,sanjaya4,1
vidura,father,devaka,2
vidura,father,devakas,1
vidura,sibling,bhishma,1
vidura,sibling,brahma,1
vidura,sibling,krishna,1
vidura,spouse,devakas,1
vidyudhoraska,father,dhritaraashtra,1
vidyudhoru,father,dhritaraashtra,1
vigraha,spouse,skanda,1
vihavya,child,vitatya,1
vikataanana,father,dhritaraashtra,2
vimalaa,father,surabhi,1
vimsha,child,Vivimsha2,1
vimsha,child,vivimsha2,2
vinataa,child,aruna,2
vinataa,child,garuda,1
vinataa,sibling,kadru,1
vinataa,spouse,kadru,1
vinataa,spouse,kashyapa,4
vinda1,sibling,anuvinda1,1
vinda2,sibling,anuvinda2,2
vinda3,father,dhritaraashtra,2
vipaatha,sibling,karna,1
vira2,father,dhritaraashtra,2
viraaja,father,avikshit,2
viraata,child,parikshit,1
viraata,child,uttara,2
viraata,child,uttaraa,1
viraata,child,viraataputra,2
viraata,sibling,madiraaksha,1
viraata,sibling,madiraashva,1
viraata,spouse,Sudeshnaa,1
viraata,spouse,abhimanyu,1
viraata,spouse,bhimasena,2
viraata,spouse,bhimasena paandava,1
viraata,spouse,kicaka,1
viraata,spouse,nakula,1
viraata,spouse,sahadeva,1
viraata,spouse,sudeshnaa,1
viraataputra,father,viraata,1
viraavin,father,dhritaraashtra,2
virajas3,father,naaraayana,1
viraketu,father,citravarman3,1
viraketu,sibling,citravarman3,2
virasena,child,nala,1
virasena,child,nala1,2
virocana2,father,dhritaraashtra,2
vishaakha1,father,skanda,1
vishaalaa,spouse,ajamidha,2
vishaalaaksha,father,dhritaraashtra,1
vishaalaaksha1,father,dhritaraashtra,1
vishaalaaksha3,father,garuda,1
vishnu,sibling,daksha,1
vishnu,spouse,krishna,1
vishnu,spouse,skanda,1
vishra,child,raakshasa,1
vishravas,child,raakshasa,1
vishravas,child,raavana,1
vishvaamitra,child,Kurcaamukha,1
vishvaamitra,child,Mushala,1
vishvaamitra,child,Shakunta,1
vishvaamitra,child,Shirshin,2
vishvaamitra,child,Suti,1
vishvaamitra,child,Vajra1,1
vishvaamitra,child,aasuraayani,3
vishvaamitra,child,amatsyaashin,1
vishvaamitra,child,anghrika,2
vishvaamitra,child,araani,1
vishvaamitra,child,aran,1
vishvaamitra,child,b,10
vishvaamitra,child,caampeya,1
vishvaamitra,child,cakraka,3
vishvaamitra,child,devaraata2,1
vishvaamitra,child,gardabhi,1
vishvaamitra,child,hiranyaaksha2,1
vishvaamitra,child,janghaari,1
vishvaamitra,child,kaalapatha,2
vishvaamitra,child,kaarishi,2
vishvaamitra,child,kaharishi,1
vishvaamitra,child,kalapatha,1
vishvaamitra,child,kurcaamukha,2
vishvaamitra,child,lilaadhya,1
vishvaamitra,child,maaarutantavya,1
vishvaamitra,child,maargamarshi,1
vishvaamitra,child,maarutantavya,1
vishvaamitra,child,maiargamarshi,1
vishvaamitra,child,mushala,1
vishvaamitra,child,mushroom,1
vishvaamitra,child,naacika,1
vishvaamitra,child,naarada3,1
vishvaamitra,child,naaradin,1
vishvaamitra,child,navatantu,1
vishvaamitra,child,ruci1,2
vishvaamitra,child,saalanghaayana,2
vishvaamitra,child,saindhavaayana,3
vishvaamitra,child,sayana,1
vishvaamitra,child,shakunta,2
vishvaamitra,child,shakuntalaa,2
vishvaamitra,child,shilaayupa,3
vishvaamitra,child,shirshin,1
vishvaamitra,child,shita,1
vishvaamitra,child,shyaamaayana,3
vishvaamitra,child,surakrit,2
vishvaamitra,child,sushruta,2
vishvaamitra,child,suta3,3
vishvaamitra,child,suti,2
vishvaamitra,child,taadakaayana,2
vishvaamitra,child,uaapekshin,1
vishvaamitra,child,udaapekshin,1
vishvaamitra,child,ujayana,2
vishvaamitra,child,upagahana,2
vishvaamitra,child,urjayoni,1
vishvaamitra,child,vaahuli,1
vishvaamitra,child,vaataghna,1
vishvaamitra,child,vahuli,1
vishvaamitra,child,vajra1,2
vishvaamitra,child,vakshogriva,3
vishvaamitra,child,valgujangha,3
vishvaamitra,child,vataghna,1
vishvaamitra,child,vibhuti,3
vishvaamitra,child,vishyaashin,1
vishvaamitra,child,yamaduta,3
vishvaamitra,child,yati2,1
vishvaamitra,father,gaadhi bis,1
vishvaamitra,father,kushika,1
vishvaamitra,sibling,satyavati,2
vishvaamitra,spouse,menakaa,2
vishvaamitra <subj>navatantu,child,vishvaamitra,1
vishvaamitras,child,ashvalaayana,1
vishvaavasu,spouse,citraratha,1
vishvaavasu2,father,jamadagni,1
vishvagashva,father,ikshvaaku,2
vishvarupa,father,tvashtri,2
vitahavya,father,vatsa,1
vitarka,father,dhritaraashtra,3
vivasvat,child,ashvin,1
vivasvat,child,ashvins,2
vivasvat,child,richeika1,1
vivasvat,child,ricika1,1
vivasvat,child,ruvika1,1
vivasvat,child,shraddha,1
vivasvat,child,shraddhaa,1
vivimsha,child,suvarcas,2
vivimsha2,father,vimsha,1
vivimshati,father,dhritaraashtra,1
vivitsu,father,dhritaraashtra,1
vrajana,father,ajamidha,2
vriddhakshatra,child,jayadratha,1
vrikaratha,sibling,karna,1
vrindaaraka,father,dhritaraashtra,1
vrishabha2,sibling,shakuni,1
vrishaka2,sibling,kalinga2,1
vrishaparvan,spouse,yayaati,1
vrishni,father,vasudeva,1
vrishni,sibling,gada,1
vrishni,sibling,krishna,1
vyaana,father,samaana,1
vyaana,father,udaana,1
vyaasa,child,shuka1,2
vyaasa,father,paraashara,2
vyaasa,father,vasu,1
vyaasa,sibling,gaandhaari,1
vyaasa,spouse,dhritaraashtra,1
vyaasa,spouse,gaandhaari,1
vyaasa,spouse,vicitravirya,2
vyaasaaanushaasanik,father,dakshashanaishcara suryaputro bhavishyati mu aadiganapurvaka,1
vyudhoraska,father,dhritaraashtra,1
vyushitaashva,spouse,bhadraa kaakshivati,2
wife,spouse,agastya,1
yaaja,sibling,upayaaja,3
yadu,sibling,puru,2
yama,spouse,dhumornaa,2
yama,spouse,murmilaa,1
yama,spouse,urmilaa,2
yama2,spouse,skanda,1
yamaduta,father,vishvaamitra,1
yamaduta,mother,vishvaamitra,1
yashodaa,spouse,nanda,1
yashodhara,father,krishna,1
yati,father,aayus,3
yati1,father,nahusha,1
yaudhishthiri,spouse,yudhishthira,1
yauvanaashva,father,yuvanaashva,2
yavakrita,father,bharadvaaja,1
yayaati,child,Druhyu1,1
yayaati,child,Yadu,1
yayaati,child,Yadu1,1
yayaati,child,anu,3
yayaati,child,haryashva,2
yayaati,child,maadhavi,2
yayaati,child,puru,1
yayaati,child,puru1,1
yayaati,father,aayus,2
yayaati,father,nahusha,1
yayaati,spouse,devayaani,6
yayaati,spouse,sharmishthaa,2
yayaati,spouse,vrishaparvan,1
yayaati,spouse,yayaatijaa,2
yayaatijaa,spouse,yayaati,1
yudhishthira,child,videharaaja1,1
yudhishthira,father,puru2,1
yudhishthira,father,videharaaja1,1
yudhishthira,sibling,duryodhana,1
yudhishthira,spouse,devikaa,4
yudhishthira,spouse,draupadi,2
yudhishthira,spouse,krishnaa,2
yudhishthira,spouse,vaishampaayana,1
yudhishthira,spouse,yaudhishthiri,1
yuvanaashva,child,maandhaatri,1
yuvanaashva,child,yauvanaashva,1
yuyudhaana,father,satyaka,1
